country,iso3,Population density,GDP per capita,Inflation rate,Health expenditure per capita,Unemployment rate,Extreme poverty,Life expectancy,Crude death rate,Population aged 65 and above,Tobacco use,Hospital beds,Air Passengers,Lower secondary,Pupil-teacher ratio,Education expenditure,Diabetes prevalence,Health personnel
Afghanistan,AFG,57.9082516903546,497.741429257502,6.52147984507833,74.23410411,11.71,,63.565,6.791,2.41775383911968,23.8,0.39,1066747.35619248,13.1258096694946,48.78979,4.34319019317627,7.6,0.666
Albania,ALB,104.167554744526,5396.2142432843,1.25702482876329,350.83456421,11.466,0.0,79.282,8.48,15.3505526581018,23.0,2.89,307741.0,83.5595169067383,17.57287,3.91623997688293,2.8,6.7509999999999994
Algeria,DZA,17.9303156808402,4021.9832660524,-0.472073341295342,250.56077576,12.0,0.5,76.474,4.392,5.85503670340651,21.0,1.9,6752002.0,45.0607986450195,24.32018,6.03690671920776,7.0,3.291
American Samoa,ASM,236.605,13672.576657298,1.74828930007058,214.85179138,9.2,0.5,74.453,5.6,6.1051764034615,21.0,1.9,76944.0,45.0607986450195,24.32018,7.04239749908447,7.0,3.291
Andorra,AND,162.431914893617,41328.6123929102,1.37475350829189,3061.79052734,9.2,0.5,74.453,3.9,13.842788467836,32.0,1.9,76944.0,72.3267669677734,10.49757,3.15060997009277,5.4,7.991
Angola,AGO,25.9513820486083,2191.34776373555,19.1870038271785,69.37934113,16.497,31.1,62.448,7.811,2.57599713515546,31.8,1.9,1436959.0,27.9697608947754,50.02951,2.07306432723999,2.9,0.612
Antigua and Barbuda,ATG,209.356818181818,18730.0047966374,0.718452311457611,801.54382324,16.497,31.1,78.691,5.865,9.42882111239572,31.8,2.89,526333.995080553,27.9697608947754,12.40564,3.4573450088501,12.5,12.475
Argentina,ARG,16.4208266190179,9963.67416171662,49.1955790596612,958.52349854,9.843,1.1,77.284,7.6,11.6005982274874,24.9,4.99,19461377.0,27.9697608947754,12.40564,4.77759981155396,5.5,9.5155
Armenia,ARM,99.0727783631893,4828.50488626598,1.06562263923419,549.47436523,12.2,1.0,75.439,9.662,12.0242437650267,25.8,4.2,193668.0,96.4698181152344,15.41859,2.57191228866577,8.5,9.58
Aruba,ABW,591.344444444444,31902.8098183195,6.09420808167786,551.543396,8.9,0.4,76.248,8.778,14.270145853395,25.5,4.2,274280.0,60.7653388977051,14.78869,5.49105978012085,12.4,9.58
Australia,AUS,3.29365056253104,55049.571919719,3.46372273602202,5555.37402344,5.159,0.5,82.9,6.7,15.93194153764,14.0,3.84,76850596.719,93.9455032348633,14.78869,5.13429021835327,6.6,21.127000000000002
Austria,AUT,107.609306834707,50067.5857265892,1.60787622974401,5262.05419922,4.56,0.6,81.8951219512195,9.4,18.9301120801555,27.1,7.27,46476602.0,99.5548477172852,10.01653,5.21750020980835,6.6,15.968
Azerbaijan,AZE,121.280071139933,4805.75371765917,-0.241307927446329,191.75552368,5.0,0.7,73.102,5.6,6.24104285523163,24.2,4.82,2585280.0,95.5190582275391,15.42982,3.1764600276947,2.8,9.389
Bahamas,BHS,40.4152847152847,32279.0113630465,3.97468052072136,1921.1270752,10.0,0.7,71.205,7.943,7.96785125458217,10.7,2.96,1856546.0,89.1371307373047,19.44891,2.7009744644165,12.1,6.237
Bahrain,BHR,1915.62564102564,25869.1129129041,0.0832617803389297,1024.39054519,1.2,0.7,80.019,2.0,2.94818893332401,15.2,1.74,6440562.0,82.0465087890625,11.92315,2.38460445404053,19.5,3.188
Bangladesh,BGD,1271.53892601982,2122.07839667492,3.65816796352436,47.66782379,4.372,13.5,72.806,5.28,5.44386972534934,35.2,0.79,6260241.0,44.6835517883301,30.05459,1.68138802051544,10.5,1.013
Barbados,BRB,651.581395348837,19063.1022913841,4.24260950743623,1171.25622559,8.413,13.5,77.257,8.91,14.6240178171494,8.5,5.97,2984121.694,44.6835517883301,13.9917,4.11122989654541,12.4,5.686
Belarus,BLR,46.4107506220284,6837.76832136779,8.57690850921516,390.24972534,4.165,0.0,74.2268292682927,12.8,16.215750491706,30.9,10.83,3208254.0,98.1666870117188,19.23259,4.97948980331421,8.0,15.144000000000002
Belgium,BEL,379.424702774108,46641.7214017087,1.76809741631743,4983.65673828,5.36,0.1,81.9951219512195,9.5,19.0117768297794,23.9,5.58,14279187.0,88.4269638061523,11.27695,6.33397006988525,4.8,22.507
Belize,BLZ,17.0580885576502,6134.21523305713,-0.130661894485968,303.53390503,9.053,0.1,73.931,4.727,4.66171500533289,8.8,1.04,1278187.556,52.1646385192871,19.78332,5.90775012969971,17.0,3.429
Benin,BEN,108.996488116353,1170.8859954114,-0.39755379308734,27.17067146,1.473,20.1,60.454,9.248,3.09036028315983,7.2,0.5,899.0,14.0790596008301,39.19712,3.00273609161377,2.0,0.353
Bermuda,BMU,1183.53703703704,116153.166121638,2.41935194490377,32.12714767,8.94,20.1,81.033,8.4,18.3791322880672,6.9,0.5,899.0,14.0790596008301,10.4196,1.92679822444916,12.0,0.353
Bhutan,BTN,20.1221552176193,3564.59877168289,3.10800220534927,115.32080841,2.72,0.9,71.391,6.626,5.95008984193292,6.9,1.74,276092.0,28.2215900421143,34.66868,4.7613525390625,5.7,2.154
Bolivia,BOL,10.8717022062217,3472.38083136442,-0.693003271755344,239.17544556,3.682,1.9,67.841,7.127,4.9861197134542,13.2,1.29,4066959.0,62.5299987792969,17.79827,8.09103965759277,6.6,2.534
Bosnia and Herzegovina,BIH,65.63888671875,6094.72482322311,2.47150468459363,543.98284912,15.692,0.1,77.241,12.266,17.2308899469651,35.5,3.49,5375.0,88.1731185913086,16.92651,8.43710994720459,7.5,7.708
Botswana,BWA,4.41074585781589,6691.16105313603,0.507585435653098,408.89599609,20.094,15.4,65.464,6.974,3.46735400206785,19.8,1.8,254439.0,88.1731185913086,23.71279,8.39899635314941,10.8,5.366
Brazil,BRA,25.3385176606278,8845.32414932264,4.22425886899158,850.43286133,11.936,5.4,75.338,6.572,8.99540920394896,13.2,2.09,102917546.0,62.9900016784668,20.22308,5.96346998214722,10.1,9.678
British Virgin Islands,VGB,204.066666666667,6923.6999117682,6.47249960755747,700.71270752,13.697,2.0,75.863,6.156,8.65076772296635,12.8,2.09,45405756.0,65.1999969482422,11.61672,2.63095998764038,8.6,9.678
Brunei,BRN,83.1210626185958,30748.3092371228,-3.3341833764367,674.65161133,6.6,2.0,74.748,4.834,5.13858625243552,16.2,2.85,1421313.0,78.7954025268555,9.89521,4.42540979385376,9.4,7.412999999999999
Bulgaria,BGR,64.2571941783346,9874.33632625168,5.23925655379578,697.8963623,4.23,0.9,75.1121951219512,15.5,21.9499890252182,39.4,7.45,832828.0,95.6712493896484,15.20744,4.19715023040771,6.7,8.908999999999999
Burkina Faso,BFA,76.5776279239766,765.229560401644,0.896660909597983,41.07073212,4.695,31.2,60.039,8.75,2.56526947605388,14.9,0.4,185841.0,14.0014600753784,39.72173,5.40713691711426,3.0,0.99
Burundi,BDI,462.415809968847,216.972970900616,0.851867434793434,16.58985329,1.03,62.1,62.351,7.352,2.44269437612538,12.2,0.79,70228.0,9.27593994140625,42.52383,5.34668445587158,2.7,0.714
Cape Verde,CPV,143.183622828784,3903.05031683625,0.694871191088424,173.98080444,11.29,4.6,76.004,5.162,5.30153952000804,11.7,2.1,675482.0,29.3516597747803,21.07361,4.13851022720337,5.4,2.027
Cambodia,KHM,91.8181849082257,1671.3854000919,3.2353717666989,115.25953674,0.499,4.6,70.692,5.947,5.01574062179898,21.9,0.9,1429503.73046387,18.9761695861816,41.7035,2.82565474510193,2.9,1.2389999999999999
Cameroon,CMR,54.5415603647056,1538.68791249516,1.16977181911541,56.18640518,3.534,25.7,61.584,8.16,2.7593518369802,7.5,1.3,83882.0,30.3271598815918,44.83412,3.04739952087402,6.1,0.578
Canada,CAN,4.19394931064213,46374.1527517191,1.54607075438069,5083.72558594,5.69,0.2,82.2287804878049,7.6,17.5606626990206,13.6,2.52,93352000.0,30.3271598815918,44.83412,4.77293014526367,8.4,13.775
Cayman Islands,CYM,275.558333333333,89846.321220347,3.39631203940991,5619.41601563,4.24,0.2,82.190243902439,3.9,7.25269906553361,13.0,2.52,27620000.0,95.2514572143555,15.74725,2.21589660644531,12.0,13.513
Central African Republic,CAF,8.36194420366625,426.408753120209,2.32783705140642,34.23019409,4.24,0.2,55.025,10.873,2.43624677249421,13.0,1.0,27620000.0,12.5487499237061,83.41195,1.76792073249817,3.2,0.301
Chad,TCD,12.8072315756036,701.621201027424,2.85603411987745,30.53188515,1.135,30.9,53.259,12.369,2.0349707128465,8.5,1.0,28332.0,8.83903980255127,56.88788,2.37245798110962,3.9,0.187
Chile,CHL,25.6068131566631,14632.6903076927,2.57259820881472,1369.48400879,7.533,1.3,80.326,6.346,12.1254064349585,29.9,2.06,21197759.0,83.1600036621094,17.79358,5.61996984481812,9.5,6.255
China,CHN,149.948179684945,10143.8602205959,1.28670040643908,539.6194458,5.15,0.1,77.968,7.09,12.0221158122819,25.7,4.31,659629070.0,65.3229217529297,16.42675,3.54105472564697,8.8,5.384
Colombia,COL,45.2342550698513,6436.50921529527,4.0026205429363,522.54925537,10.28,5.3,76.752,5.411,8.20401926925632,8.8,1.71,37031843.0,55.810001373291,23.3015,4.51069021224976,9.8,3.655
Comoros,COM,425.032778076303,1510.79732262852,4.20910596809098,77.80075073,8.143,18.6,64.068,8.203,4.32055687458438,20.8,2.16,12273939.724,57.7400016784668,28.05781,2.37805080413818,8.4,1.873
Democratic Republic of Congo,COD,39.658097527624,575.882781366465,5.89540537440325,19.85771751,1.466,78.9,60.276,9.38,3.01982193456018,13.0,2.16,550457.892628576,48.330020904541,33.19793,2.622638463974,3.1,1.4340000000000002
Congo,COG,16.312541727672,2508.9447830009,-1.31737273450356,58.90272522,10.0,35.4,62.747,7.388,2.61702567840046,14.3,2.16,541787.136860717,39.122859954834,44.442,3.55946898460388,5.5,1.034
Costa Rica,CRI,99.57955346651,12669.3411549351,2.56679211775625,914.88470459,10.807,1.1,79.427,5.468,9.88549289152796,9.1,1.1,2033146.0,47.4300003051758,12.2047,6.73808002471924,9.6,6.5280000000000005
Cote d'Ivoire,CIV,82.2250031446541,2290.78737894927,1.35808162094249,73.64801652,2.401,11.5,59.319,8.728,2.40097820250929,9.7,1.1,748540.0,19.4832496643066,41.8223,3.44067001342773,4.9,0.805
Croatia,HRV,72.6405010363805,15120.9029026824,2.00508096122299,1040.08569336,6.617,0.3,78.4243902439025,12.7,21.1057251265603,36.7,5.54,2108591.0,89.2185592651367,13.50611,3.95437002182007,5.2,11.559000000000001
Cuba,CUB,109.024055876686,9139.38051005519,3.54474299448344,1013.10137939,1.7,0.3,77.611,9.861,15.2863470359924,18.7,5.33,457130.0,80.2341232299805,9.16029,9.04696941375732,9.4,15.995
Curacao,CUW,354.596846846847,19220.6865793075,2.62590000000019,1186.16137695,19.07,0.3,78.0170731707317,8.8,13.5585803688638,17.9,5.33,99838.0,90.3818206787109,9.16029,6.62462139129639,9.4,15.995
Cyprus,CYP,132.990909090909,29420.0,1.32507750095616,2043.67858887,7.155,0.2,81.397,6.769,13.8533482688706,35.5,3.4,395436.0,82.9165267944336,12.03922,5.21296977996826,9.3,8.196
Czechia,CZE,138.226810266108,23664.8478631108,3.88895344602105,1803.05273438,2.015,0.0,79.2292682926829,10.5,19.8202815617653,30.9,6.62,5446163.2,99.8096313476562,18.93175,4.54246997833252,5.3,13.182
Denmark,DNK,145.36055,59592.9806886454,1.04879424424314,6058.83007813,5.018,0.3,81.4512195121951,9.3,19.8025648573003,18.1,2.6,929888.181,95.152702331543,10.73738,6.9096999168396,5.6,14.803999999999998
Djibouti,DJI,46.3327868852459,2876.04366371536,0.449797430981619,62.30675125,26.064,19.1,63.085,8.421,4.40491287660825,17.5,1.4,929888.181,23.7844505310059,29.37453,3.75143003463745,6.3,0.865
Dominica,DMA,95.2373333333333,8561.58701121461,4.48328635371882,442.51159668,26.064,19.1,73.559,8.369,9.15607324858599,17.5,3.8,929888.181,23.7844505310059,13.07679,5.53449010848999,8.9,7.627000000000001
Dominican Republic,DOM,228.942837306179,8173.34469885261,2.52561865647056,346.50790405,6.356,0.8,73.577,6.006,6.76022278314437,10.9,1.56,113752.0,64.879997253418,18.92322,4.04276895523071,8.1,2.873
Ecuador,ECU,69.8330649057819,6233.25816692363,0.495450027557041,487.33145142,3.812,3.6,77.297,4.913,7.40986351819551,11.6,1.39,4827978.0,51.8400001525879,24.26216,4.22565984725952,6.6,4.748
Egypt,EGY,106.101432517957,3017.25833578941,13.6180959109963,145.3107605,7.851,1.5,71.358,5.581,4.62764438685278,24.4,1.43,13206889.61,72.9591369628906,23.67945,3.93084812164307,16.6,2.536
El Salvador,SLV,303.099276061776,4280.28840404719,0.92075678458454,364.13085938,4.17,1.4,72.559,7.451,8.02436444473177,8.3,1.2,2609917.0,46.5400009155273,26.89473,3.38710999488831,9.4,4.813
Equatorial Guinea,GNQ,55.3665240641711,7317.39002392662,-3.16368983363937,222.7387085,5.008,1.4,61.644,8.582,3.15856642866962,7.9,2.1,425475.0,46.5699996948242,23.22706,3.65957999229431,4.2,0.62
Eritrea,ERI,28.8966156462492,643.790042311239,19.5382281454081,25.25788498,5.008,1.4,67.3,6.309,3.96906898272502,7.7,0.7,101357.3758656,46.5699996948242,38.74092,3.65957999229431,3.6,1.514
Estonia,EST,31.0385497076023,23424.4847073518,3.20705842626813,1598.83752441,4.514,0.6,78.6463414634147,11.6,19.9022108250816,30.5,4.57,857.0,97.8234634399414,11.31153,5.29571008682251,7.0,10.07
Eswatini,SWZ,68.0007558139535,3818.54048403065,1.72605821280148,259.24450684,22.718,36.1,60.549,8.923,3.84511800056942,9.3,2.1,52744.0,97.8234634399414,26.59621,5.69914817810059,3.1,2.611
Ethiopia,ETH,101.119564793866,840.449601255171,12.8603968185939,26.22917175,2.251,27.0,65.838,6.439,3.10388326187596,5.2,0.33,12631216.0,10.3437995910645,55.06929,4.48086929321289,3.4,0.874
Faeroe Islands,FRO,37.0207736389685,63203.7447848956,3.64703843550345,28.69671059,4.03,27.0,82.9463414634147,8.0,17.6873512509433,5.1,0.33,4940183.0,10.3437995910645,55.06929,4.09056520462036,3.4,0.874
Fiji,FJI,50.2717569786535,5927.72420758285,1.54654919148072,228.35894775,4.32,1.3,67.893,7.941,5.34293922084087,23.4,2.0,1700293.0,87.3066177368164,27.99728,5.11768341064453,10.9,4.651
Finland,FIN,18.1673609054717,48629.8582283032,1.49655419230197,4460.109375,6.695,0.0,81.9829268292683,9.8,22.0597925957747,22.2,3.61,14610547.0,87.3066177368164,13.66688,6.41695022583008,5.8,26.285999999999998
France,FRA,123.070294051578,40494.8982936276,1.27859214632949,4508.34130859,8.415,0.1,82.8268292682927,9.1,20.676325207027,33.6,5.91,71289277.0,85.5956573486328,18.1766,5.35443019866943,5.4,15.231
French Polynesia,PYF,86.348890809565,20093.2085805567,0.822431269471167,4768.72705078,8.01,0.1,82.996,3.391,8.82631144327575,33.4,5.91,24956343.0,85.5956573486328,18.1766,5.67784023284912,8.6,15.544
Gabon,GAB,8.70409826522296,7523.86228077637,1.54748519798422,208.28834534,20.39,2.5,66.603,6.856,3.89945895405513,33.4,6.3,77320.0,85.5956573486328,24.53098,2.8743097782135,10.3,2.981
Gambia,GMB,247.913339920949,722.875356284026,6.25220639943007,22.83255005,4.127,17.2,63.755,6.999,2.46818953530525,11.6,1.1,109542.145080475,32.4247016906738,36.13813,2.65492939949036,2.0,0.6669999999999999
Georgia,GEO,65.0855698239966,4696.15058555612,5.19239145340818,308.56665039,11.565,4.8,73.47,12.88,14.3932716852252,31.7,2.89,509913.0,97.6632919311523,8.98194,3.86666989326477,2.8,13.032
Germany,DEU,237.822954291766,46805.1384334439,2.13030905148273,5478.10253906,3.136,0.0,81.2926829268293,11.3,21.7302903981942,22.5,8.0,109633750.727,95.6803817749023,12.30285,5.11676979064941,5.3,16.481
Ghana,GHA,138.535158653424,2167.92544000869,8.48107298102975,73.52350616,3.369,25.2,64.74,7.143,3.33205487291691,3.6,0.9,597343.0,46.4343490600586,26.99486,3.15307116508484,5.0,2.7190000000000003
Gibraltar,GIB,3268.5,2176.57621804239,9.36557367753899,84.97839355,3.369,25.2,82.363,8.283,19.5927857918649,3.5,0.9,321437.0,46.4343490600586,14.17,3.40915989875793,5.0,3.66
Greece,GRC,83.1775174553918,19143.8876174584,0.226845195063973,1569.02905273,17.045,0.7,81.6390243902439,11.7,21.8804827755261,34.5,4.2,16124738.33,73.6619491577148,9.38027,3.58606004714966,5.1,9.945
Greenland,GRL,0.136983798270191,53309.2035905065,0.744863000194002,1675.11706543,9.1,0.8,72.0436585365854,9.8,8.66879430722057,33.5,4.2,5647917.0,100.0,9.38027,4.4971752166748,5.1,10.004
Grenada,GRD,360.952941176471,9887.92074235834,3.32753294754764,487.60290527,10.161,0.3,74.863,8.008,9.55033062127465,33.5,3.57,5647917.0,100.0,16.35068,3.55919337272644,8.6,7.061
Guam,GUM,312.266666666667,37752.633077142,2.45977107115824,491.08206177,5.4,0.3,77.717,6.304,10.7028062434766,33.5,3.57,5647917.0,100.0,16.35068,3.55919337272644,8.6,7.061
Guatemala,GTM,154.946117954461,4647.80754129437,3.56578287211866,278.54898071,2.193,9.5,73.129,4.892,4.75625480907295,11.0,0.44,107350.0,32.2936897277832,20.26228,3.19297003746033,9.3,3.588
Guinea,GIN,52.4073701774377,1043.89988618266,9.40290765798821,42.68258286,5.018,13.8,59.72,9.712,3.40346876074181,10.9,0.3,25217.454,12.6291999816895,47.14862,1.85812997817993,4.4,0.7949999999999999
Guinea-Bissau,GNB,70.0731507823613,730.611432270196,-3.41786303090853,61.00823593,3.196,21.7,60.882,8.206,2.76887614621282,9.3,0.3,25217.454,12.6291999816895,51.92515,2.13248991966248,3.0,0.9630000000000001
Guyana,GUY,4.05767335534671,6477.29672607993,2.96118846307267,319.36257935,13.525,21.7,69.124,7.444,5.84799055527804,12.6,1.71,28697.0,56.9676399230957,23.1645,4.45058012008667,16.7,4.062
Haiti,HTI,404.950580551524,1345.4750547884,19.8003878969177,49.08564227,14.1,29.2,64.255,7.953,4.3653887060705,7.9,0.71,23119.0,31.0256404876709,23.1645,1.75941300392151,6.6,0.639
Honduras,HND,89.0055322191438,2519.36618467309,4.12669713335944,184.03918457,5.551,12.7,72.881,4.315,4.00678634004058,7.7,0.64,321243.0,32.5099983215332,25.59773,5.93245983123779,6.7,1.202
Hungary,HUN,107.069263642341,16786.2136399075,4.78502518079389,1053.72363281,3.419,0.3,76.3195121951219,13.3,19.6125829690153,32.2,7.01,39803373.0,98.1814270019531,10.76744,4.22488021850586,6.0,10.350999999999999
Iceland,ISL,3.5759496181692,68452.23622306,4.4567758015221,5865.23144531,3.507,0.0,83.1634146341463,6.3,14.3078294059031,12.6,2.83,4656017.0,99.2928466796875,10.14405,7.60675001144409,3.2,20.040999999999997
India,IND,465.194639427685,2050.1638002619,2.4055171623353,60.66871643,6.51,13.2,70.91,6.71,6.47202495037476,28.1,0.53,167499116.0,46.0779113769531,32.74955,4.2933497428894,9.0,2.455
Indonesia,IDN,143.584633764026,4151.22755440796,1.59848849984144,120.58958435,3.59,4.4,70.518,7.539,6.59381824686952,37.2,1.04,91323153.0,54.5782318115234,17.03493,2.84207797050476,5.1,4.289
Iran,IRN,53.3523587057011,3276.75326508099,30.5348662272656,450.59701538,10.74,0.7,76.103,4.872,6.80511038500649,14.0,1.56,21641449.393,69.8314590454102,28.52479,3.25775003433228,11.1,3.498
Iraq,IRQ,95.7402425091217,5621.18169491752,-2.67444003466784,239.57891846,13.02,0.1,71.576,4.301,3.36436491225521,18.8,1.32,5434292.0,32.3186187744141,28.52479,3.20495009422302,9.1,3.1689999999999996
Ireland,IRL,71.6263608651473,80848.3019020489,3.35541152264082,5430.99707031,4.95,0.1,82.7024390243903,6.3,14.242765397765,21.4,2.97,170161848.0,32.3186187744141,16.06046,3.27185988426208,5.2,18.942999999999998
Isle of Man,IMN,147.250877192982,87152.4530176191,1.79999718620296,6092.17675781,2.67,0.1,80.737,10.09,21.5683938379422,20.8,2.97,54582262.0,32.3186187744141,16.06046,3.27185988426208,5.2,19.879
Israel,ISR,418.391866913124,44452.2325623093,1.83647019726104,3454.46801758,3.731,0.7,82.8048780487805,5.1,11.673140065959,21.6,2.98,7068458.0,89.1813583374023,12.07069,6.05673980712891,7.4,9.073
Italy,ITA,201.980545589195,33673.7509627421,0.938114135013862,2910.62792969,9.952,1.0,83.4975609756098,10.6,23.0628761765936,23.3,3.14,27760301.0,82.1943817138672,11.48066,4.09527015686035,5.1,10.496
Jamaica,JAM,259.812834718375,5626.17047314286,3.18250309465809,343.06192017,4.987,0.1,71.767,7.477,6.84383566122782,9.7,1.72,180951.272,60.7160682678223,24.79434,5.16364002227783,15.7,1.534
Japan,JPN,347.415637860082,40415.9567649547,0.63480316569607,4378.77490234,2.351,0.7,84.3563414634146,11.2,29.2798136767022,20.5,12.98,130233352.0,98.6152267456055,15.66096,3.15533995628357,7.7,15.064
Jordan,JOR,120.488805549925,4159.6537537759,0.843928095681321,314.88452148,16.801,0.0,76.044,3.148,3.49206516857892,34.6,1.47,3478444.0,80.7258377075195,18.53699,2.98846006393433,12.1,5.673
Kazakhstan,KAZ,6.85767789013594,9812.59552626324,7.63328623733945,270.01306152,4.8,0.0,73.18,7.19,7.67978397225846,23.5,6.06,7656866.0,99.4586715698242,17.21457,2.8569700717926,7.7,11.134
Kenya,KEN,89.5235794356397,1970.08007048615,4.2752342393575,86.06783295,5.014,35.0,62.943,7.29,2.75780669637469,11.5,1.4,6417534.056,60.5199508666992,30.65055,4.57799243927002,5.1,1.36
Kiribati,KIR,153.383950617284,1410.01464320535,-2.06499590361952,163.10388184,8.557,1.7,67.15,6.252,3.62480984538115,41.7,1.86,65846.852,69.7021713256836,25.48855,13.5741233825684,25.3,3.816
South Korea,KOR,530.377274590164,31902.4169048194,-0.839325308149668,2595.22338867,3.746,0.2,83.2268292682927,5.7,15.0656921994541,21.4,12.43,92434079.0,85.7208404541016,16.28669,4.68465995788574,7.5,10.544
Kosovo,XKX,531.109006147541,4416.02925267842,0.962960088925087,2642.41430664,25.069,0.4,79.022,5.56,9.38967038738863,20.8,12.43,30033310.0,85.7208404541016,16.28669,4.8017201423645,7.5,11.038
Kuwait,KWT,249.219977553311,30666.2371314234,-0.364836530022842,1643.56970215,2.16,0.4,79.685,2.194,3.52671675111085,17.9,2.04,7385299.0,55.9323883056641,8.88073,4.8017201423645,20.7,6.88
Kyrgyzstan,KGZ,33.6611053180396,1451.51563835807,9.81131193761522,63.05092621,4.252,0.7,71.6,5.2,4.15722392930784,27.6,4.41,867935.0,93.7392578125,24.98946,5.36674976348877,6.3,7.852
Laos,LAO,31.2480632582322,2598.50552320723,1.19742392109292,67.81835938,3.269,7.1,68.138,6.505,4.20668705568304,32.5,1.5,979307.0,22.5976905822754,22.33717,2.12201404571533,3.3,1.5470000000000002
Latvia,LVA,30.755491989008,17883.3494113217,4.25589850087644,1183.1151123,6.312,0.2,75.3878048780488,14.5,21.052273205759,37.2,5.49,4976410.0,99.238639831543,11.53684,4.42054986953735,7.8,7.857
Lebanon,LBN,565.191300097752,8925.42186017072,4.09482315573024,731.67156982,11.301,0.0,79.236,5.178,8.99203402891416,38.4,2.73,3164358.0,99.238639831543,12.48274,2.60026550292969,19.6,4.546
Lesotho,LSO,73.3103425559947,1061.22335618067,2.33051615472073,120.54795837,16.876,32.4,54.173,13.014,4.18710685148031,24.4,2.73,1077762.0,29.9984607696533,32.94806,7.19406890869141,3.4,3.5780000000000003
Liberia,LBR,51.7575685215947,665.878447568436,-0.560426634044902,52.09077454,5.947,27.6,61.104,8.658,3.39556041786143,8.4,0.8,1077762.0,30.5539894104004,22.32254,2.493976354599,3.3,1.976
Libya,LBY,3.73341214180979,10542.4290201042,4.17467924190804,312.84854126,19.03,27.6,72.463,5.454,4.78723226116015,8.2,3.2,1367458.0,30.5539894104004,22.32254,2.13991451263428,13.8,8.895
Liechtenstein,LIE,240.5125,167259.160311816,-4.39759349195357,312.84854126,19.03,27.6,84.1609756097561,6.8,18.047398783847,8.2,3.2,715300.42,30.5539894104004,7.80156,2.55604004859924,4.7,8.895
Lithuania,LTU,44.6205206004471,19615.5491450175,2.77156306285475,1369.97949219,6.255,0.5,76.2829268292683,13.7,20.177492196612,32.3,6.43,40944.0,96.6112670898438,13.51703,3.96757006645203,7.8,12.386
Luxembourg,LUX,240.827591028798,112726.439672814,0.900736076793322,6221.73876953,5.595,0.1,82.6390243902439,6.9,14.4442580563992,21.6,4.26,2114417.0,96.6112670898438,8.30333,3.73954010009766,4.5,15.065
Macao,MAC,20171.8237082067,82998.6361006441,2.40360427897856,6757.0,1.749,0.0,84.978,3.983,11.0754498777598,21.1,4.26,3659911.0,73.3394165039062,13.49843,3.05862998962402,7.2,15.065
Madagascar,MDG,47.3240529391543,512.27966560241,6.52209064077279,19.35046577,1.785,80.7,65.882,6.518,3.17545398210026,28.4,0.2,544458.0,28.5201206207275,39.81169,3.01338386535645,4.7,0.487
Malawi,MWI,200.12024819686,584.362867276266,7.72834797950487,30.01859474,0.907,70.1,64.119,6.611,2.87105972801195,11.3,1.3,7117.0,18.8115196228027,58.67919,3.32295989990234,5.6,0.749
Malaysia,MYS,99.8448333586973,11132.1027429418,0.0718269093121364,427.46286011,3.26,0.0,75.76,5.253,6.76091233270972,22.8,1.88,63623130.0,76.7779769897461,11.6556,3.97953963279724,12.1,5.454000000000001
Maldives,MDV,1681.69333333333,11349.8592642235,-1.30973755239533,851.50939941,4.562,0.0,80.116,2.858,4.27228111348086,25.9,1.88,1221786.67512409,41.4081382751465,10.16278,4.20936489105225,9.2,7.2219999999999995
Mali,MLI,16.8559191601308,840.175746366299,1.93054206895806,32.61206436,3.528,15.2,59.664,9.205,2.53896890539136,8.6,0.1,0.0,11.6256904602051,37.82669,3.55504989624023,1.9,0.5449999999999999
Malta,MLT,1575.19375,31727.0070746362,2.29750730515386,2943.63134766,3.627,0.3,82.8585365853659,7.3,18.8251599125953,24.5,4.49,2382607.8,85.2380523681641,12.93931,4.93738985061646,6.6,17.116
Marshall Islands,MHL,248.488888888889,5186.83384237084,-4.19623301649811,782.23565674,6.342,0.9,64.746,7.29,3.57154834166136,28.4,2.7,21500.0,92.0607376098633,12.93931,9.91648006439209,21.8,4.699
Mauritania,MRT,4.25327350344426,1800.87518658218,5.32804485029229,60.2051506,10.416,5.4,65.687,7.003,3.34011314487716,11.1,2.7,386621.0,18.3766899108887,34.27814,1.7844500541687,4.3,1.146
Mauritius,MUS,633.943415122684,11403.2527870674,-0.46584287384826,671.86047363,6.331,0.1,74.2358536585366,8.8,11.2854948664601,20.5,3.4,1726868.0,54.2446708679199,16.19841,4.54195022583008,14.8,6.3870000000000005
Mexico,MEX,64.3459507703387,10434.5783651735,4.28758053550031,552.70422363,3.477,2.1,74.202,6.931,7.88190672477085,13.4,0.98,69937838.0,64.4899978637695,26.55228,4.62572002410889,15.6,5.354
Micronesia (country),FSM,159.112857142857,3734.99492723045,2.29821860869225,420.57949829,8.863,16.0,71.077,5.728,5.21824229990528,13.1,0.98,34133108.0,64.4899978637695,19.7106,10.2259912490845,15.7,3.162
Moldova,MDA,92.756093569939,4404.95042249597,5.35171200346649,284.30636597,1.502,0.0,70.935,13.089,13.0034143851839,28.7,5.66,1408166.0,96.9573364257812,17.92314,6.22576999664307,2.7,8.440999999999999
Monaco,MCO,18270.350271337,199382.838585354,1.27736413799498,3055.43920898,6.33,0.0,70.166,6.6,35.6213209483178,29.0,13.8,316.0,96.9573364257812,11.7,1.15890002250671,5.6,28.586
Mongolia,MNG,2.07571898811886,4394.94715044543,9.97221325666415,182.86535645,9.269,0.7,71.822,5.499,4.12313710167538,29.6,8.0,744413.0,76.2942504882812,30.38318,3.65236973762512,7.1,8.081
Montenegro,MNE,46.2474349442379,8909.6538759126,2.02214868727721,732.34954834,15.128,2.0,76.6829268292683,10.6,15.5907556520029,31.8,3.86,597380.0,79.6583862304688,30.38318,4.66345500946045,7.7,7.947000000000001
Morocco,MAR,81.3453013667936,3498.58276367188,0.816805456485284,177.24794006,9.3,1.4,74.27,5.658,6.87411852128423,14.9,1.0,9380951.0,79.6583862304688,26.80065,5.00325679779053,6.8,2.123
Mozambique,MOZ,38.5126719906407,512.21576378384,4.67765432185085,40.41281128,3.426,74.5,61.166,8.04,2.59259393781103,14.8,0.7,587364.0,21.7583103179932,55.27379,6.2863941192627,3.1,0.5589999999999999
Myanmar,MMR,81.2627730963689,1415.37967619462,5.42293300468495,61.15328217,0.407,2.0,66.61,8.692,6.2608648698463,45.1,1.04,3701663.849,42.6302795410156,24.3599,2.13986992835999,7.1,1.854
Namibia,NAM,2.97178879860074,5126.17614281673,0.926318636067421,431.81781006,19.877,15.6,63.075,8.248,3.97587389586023,15.5,1.04,212578.0,42.6302795410156,25.09173,9.32253170013428,7.8,2.59
Nauru,NRU,606.6,10316.5278229326,-4.34760806338382,1158.77087402,13.282,1.7,63.484,6.48,1.97832090013601,49.2,5.0,50668.0,42.6302795410156,40.17778,6.22442197799683,20.4,8.309000000000001
Nepal,NPL,201.133561213812,1185.68231817311,4.69115593292496,52.83312607,10.66,8.2,69.558,6.871,5.97224232637095,31.5,0.3,1659671.0,32.5764007568359,19.74396,3.48568081855774,3.6,4.082
Netherlands,NLD,515.143272943273,52476.2732533327,3.03273379248688,5340.61279297,3.38,0.1,82.1121951219512,8.8,19.3190662940831,22.6,3.17,46358457.951,91.2177810668945,11.80592,5.15986013412476,5.3,14.751
New Caledonia,NCL,14.8380743982495,34934.5794300065,2.43407708116916,5846.15478516,10.881,0.0,80.4197073170732,6.0,10.0415594973614,22.2,3.17,14748517.334,91.2177810668945,11.80592,5.42381000518799,8.6,15.166
New Zealand,NZL,18.9100300026585,42796.4305818389,3.10008899782621,4081.59082031,4.109,0.0,82.0560975609756,6.87,15.2698993392665,14.2,2.57,17763604.459,81.919792175293,14.91552,5.17202997207642,8.6,14.23
Nicaragua,NIC,55.3758018946319,1905.63832831484,5.3954978400473,161.98634338,5.2,3.9,74.054,4.626,4.9524874533383,13.7,0.93,8516619.501,35.4700012207031,30.21638,4.59991979598999,11.0,2.194
Niger,NER,18.507454803821,549.81612778082,-0.0243827616463079,31.21994209,0.544,50.9,62.897,7.824,2.43636874576986,7.6,0.39,14713.0,4.36065006256104,36.33661,3.52622723579407,4.2,0.26
Nigeria,NGA,223.222648967357,2334.02364318105,10.384779195217,69.68148041,10.695,30.9,52.91,12.989,3.01014033425818,3.9,0.39,6539048.35309011,44.6351585388184,37.55319,3.81920099258423,4.8,1.85
North Macedonia,MKD,82.3431403647898,6070.38805358275,0.86816868476069,421.38973999,17.393,2.7,76.6024390243903,9.8,14.2528342011261,3.7,4.28,3435350.518,68.4875717163086,14.91335,3.81920099258423,7.7,6.574
Northern Mariana Islands,MNP,108.386956521739,23687.2718520599,2.36479303972395,452.96640015,11.17,2.7,74.3951219512195,4.0,7.91949135544948,3.7,4.28,3435350.518,68.4875717163086,14.91335,3.81920099258423,7.7,6.574
Norway,NOR,14.6479975020132,76430.5889473338,-0.548467415755809,8007.35546875,3.687,0.2,82.9585365853659,7.6,17.3963827799917,17.1,3.53,3435350.518,99.188232421875,8.59418,7.8645601272583,4.7,23.398
Oman,OMN,14.8716252019386,19132.1522739094,-2.66616164476726,728.25482178,2.94,0.2,78.002,2.205,2.63382816600793,7.9,1.47,11239996.0,66.4192199707031,9.67394,4.35383987426758,10.5,6.5009999999999994
Pakistan,PAK,289.660232461602,1437.1658330724,9.03633484170507,37.22461343,4.83,4.9,66.756,6.765,4.11555959972365,20.8,0.63,7420378.249,25.7791996002197,44.0773,2.21491765975952,7.9,1.553
Palau,PLW,38.9478260869565,15738.4670127261,-2.47236118209374,2402.77954102,0.765,4.9,66.269,10.2,8.79077944911115,17.9,4.8,3711456.87,97.1230697631836,44.0773,2.05718231201172,11.1,8.278
Panama,PAN,57.0575896468051,16472.8317470488,0.315250866507228,1318.03759766,6.409,1.0,77.81,5.12,8.14397859248318,5.3,2.25,12497758.0,64.3899993896484,21.96162,3.09329414367676,9.4,4.854
Papua New Guinea,PNG,21.0716027028221,2593.77555393227,1.06414283741798,60.31322479,2.62,1.0,65.474,6.468,2.96591490759928,39.9,2.25,2029701.0,30.4892807006836,35.52165,1.8748300075531,7.6,0.478
Paraguay,PRY,16.436008054367,5807.83879407975,3.06187945458328,415.88879395,6.595,1.0,73.621,5.636,6.04212708784566,12.1,0.83,632389.0,52.5800018310547,24.15974,3.48983025550842,6.5,2.8445
Peru,PER,25.64442265625,6955.88082448096,1.87221626775495,366.56491089,3.379,3.0,76.156,6.006,8.16166454081351,8.7,1.59,18820572.0,60.689998626709,17.38724,3.822429895401,6.0,4.317
Philippines,PHL,370.194197940772,3413.84904430419,0.697076301045342,142.23664856,2.237,3.0,71.865,5.609,5.07253641189035,23.4,0.99,47776892.0,71.2324905395508,29.08352,3.3557915687561,9.7,5.543
Poland,POL,124.025595374212,15700.0135796738,3.03253664890715,1014.03820801,3.277,0.1,77.9048780487805,10.8,17.8328107053429,24.7,6.54,10225516.0,88.5085830688477,10.18051,4.67881011962891,9.0,10.475999999999999
Portugal,PRT,112.288582794065,23330.817288932,1.74945223999291,2221.73095703,6.464,0.1,81.6756097560976,10.9,22.0214767399134,25.3,3.45,22047878.978,57.9531211853027,12.35346,4.63002014160156,9.6,12.794
Puerto Rico,PRI,360.055693348365,32916.866800639,2.41325585417633,2341.64013672,8.3,0.5,79.063,9.194,21.0772676191542,25.4,3.45,6219531.061,88.4521636962891,13.53647,6.07265996932983,13.0,13.175
Qatar,QAT,244.319843342037,62827.3969543275,-4.45591421178636,2207.65429688,0.1,0.5,80.99,0.991,1.17193608657629,12.0,1.25,32953297.0,68.0085525512695,12.1676,2.80378007888794,19.8,9.735
Romania,ROU,84.1952712100139,12957.9991142218,6.80532496653751,738.5581665,3.912,2.2,75.6073170731707,13.4,18.3327024072829,28.4,6.89,5630289.0,91.1620101928711,19.33481,3.56695008277893,7.7,10.346
Russia,RUS,8.81769599441163,11536.2587890625,3.26313281881684,653.99993896,4.496,0.0,73.0839024390244,12.3,14.9069988688561,27.1,7.12,108857906.0,93.8479232788086,21.25883,3.50932550430298,9.7,12.728000000000002
Rwanda,RWA,520.268666396433,806.100820273159,2.44532262071142,51.0831871,11.236,52.0,66.437,6.137,3.05432134624093,14.1,7.12,1561562.21422701,16.3787899017334,59.50859,3.23868060112,3.1,1.0490000000000002
Samoa,WSM,76.2248201438849,4308.3007294066,1.49948619479095,239.13195801,9.4,1.2,72.157,5.5,4.92766822947021,25.9,7.12,74867.0,89.7339782714844,30.23604,4.39581727981567,7.7,3.7540000000000004
San Marino,SMR,569.633333333333,47287.3983948633,0.914100159383906,3951.05102539,7.54,1.2,72.768,7.2,19.3826347743398,25.3,3.8,11957.0,82.9602508544922,6.93061,3.37969994544983,5.5,14.102
Sao Tome and Principe,STP,223.540625,1924.40814952173,11.2643603433132,104.94572449,13.59,15.7,68.523,5.876,3.77424871504527,5.8,2.9,41933.0,38.8588790893555,31.15842,5.89931058883667,5.5,2.642
Saudi Arabia,SAU,16.6662923491294,23405.7060995766,-1.76482099351951,1291.12866211,5.636,15.7,77.304,2.656,2.29107574261259,14.2,2.24,46181487.0,77.2074127197266,13.81495,5.0152382850647,19.6,8.187999999999999
Senegal,SEN,83.1079883654495,1462.67835252138,2.08580185169056,65.75260925,2.863,9.2,68.526,5.409,3.17237317439776,7.1,2.24,457722.0,12.7950601577759,36.31817,5.44944429397583,3.2,0.64
Serbia,SRB,79.4104161902584,7417.20660836868,2.44060040801315,641.03216553,10.395,2.3,75.9365853658537,14.6,20.541428178724,40.1,5.61,2469081.0,91.7877426147461,14.2927,3.61647009849548,7.7,10.869
Seychelles,SYC,212.228260869565,16851.1197648771,-0.343308614372191,786.65087891,2.966,0.5,74.0463414634146,8.1,7.40089582984024,20.6,3.6,414088.0,91.7877426147461,14.48826,4.05055141448975,12.1,11.331
Sierra Leone,SLE,111.482793017456,506.606913779078,7.70278499631038,44.81790924,3.193,26.1,60.255,9.065,3.14617740393001,14.3,3.6,50193.0,23.1486206054688,27.52246,7.4470100402832,3.2,0.274
Singapore,SGP,7965.87849162011,66070.4868123062,-0.201648173263933,2826.01000977,3.1,26.1,83.5951219512195,5.0,12.195578041407,16.6,2.49,43050722.0,82.1780471801758,14.69428,2.72968006134033,9.5,8.616
Sint Maarten (Dutch part),SXM,1223.76470588235,33836.7733501056,0.759243894460738,3536.99609375,4.1,26.1,75.437,4.7,8.26198231735691,16.5,2.49,7884373.0,83.0585403442383,11.27358,2.68744993209839,9.5,8.616
Slovakia,SVK,113.43899750416,19381.8905468746,2.49431822113719,1342.0748291,5.761,0.1,77.6658536585366,9.8,16.3162889691899,31.5,5.7,2669.0,99.0162200927734,15.53919,4.27319002151489,5.7,9.625
Slovenia,SVN,103.711934605987,26042.4463468032,2.29485081978052,2219.10058594,4.448,0.0,81.5292682926829,9.9,19.6906954725528,22.3,4.43,869640.1,98.171012878418,13.80157,4.8964900970459,7.5,13.514
Solomon Islands,SLB,24.115505537692,2398.77305007963,1.24036003353558,103.80370331,0.694,26.6,70.382,4.989,3.4645544472313,36.8,1.4,229670.648,98.171012878418,25.41046,7.47837018966675,15.3,2.335
Somalia,SOM,25.4747027130424,589.465891901577,14.9017577037138,99.12821198,18.828,26.6,57.078,11.041,2.60792918573804,36.5,0.87,34065.5568461863,98.171012878418,25.41046,0.270661741495132,4.3,0.136
South Africa,ZAF,47.8835494481036,6702.52661666304,4.61352468937162,550.48022461,25.538,20.5,66.175,8.614,5.95003826584081,20.4,2.3,26211258.0,81.8046798706055,30.3322,5.92770004272461,7.0,5.812
South Sudan,SSD,16.5329482695868,1071.77776475545,17.6893321393151,23.71821594,24.339,67.3,55.912,10.531,2.74525908466063,20.3,2.3,8304771.044,79.2551422119141,46.75029,1.56539225578308,7.0,0.39799999999999996
Spain,ESP,94.3508089023978,29581.5185513299,1.44735843001939,2712.5090332,14.104,0.8,83.8317073170732,8.8,19.4846195014225,28.1,2.97,88237165.272,80.7694320678711,13.13172,4.23021984100342,6.3,10.498000000000001
Sri Lanka,LKA,352.431694638296,4082.69404871533,3.8705276117724,142.05116272,4.67,1.0,76.008,7.072,10.449222214257,22.3,4.15,5582446.0,81.0301971435547,21.73735,1.5554107427597,7.5,3.363
Saint Kitts and Nevis,KNA,183.507692307692,23204.9705641255,-1.13119652236264,1204.34094238,5.365,1.0,71.572,9.91,8.76623036374878,22.0,2.3,1240391.0,84.089599609375,13.87277,2.98651361465454,8.5,7.553
Saint Lucia,LCA,292.759016393443,11773.4274818992,2.87917114446073,514.16442871,15.613,0.1,73.445,8.068,8.7275700162669,22.0,1.3,1240391.0,46.8031387329102,14.73909,3.27884006500244,8.4,3.877
Saint Martin (French part),MAF,662.42,19691.6167115689,0.891925627181237,607.75250244,25.225,0.1,79.983,4.661,9.26135591685159,22.0,1.3,1240391.0,46.8031387329102,14.73909,3.61721992492676,8.4,3.877
Saint Vincent and the Grenadines,VCT,269.035897435897,8680.25110238522,2.31247061564642,375.02581787,25.225,0.1,72.835,10.1,10.484781769575,22.0,2.4,1240391.0,41.814811706543,14.39258,5.46375846862793,8.8,8.285
Sudan,SDN,23.1435187366167,748.010925292969,51.9788933465452,35.98295401,17.44,15.3,65.876,6.586,3.23432640654247,22.0,0.74,530001.0,41.814811706543,14.39258,5.46375846862793,8.6,1.403
Suriname,SUR,3.84808333333333,6690.04478601228,5.17890859157816,592.97576904,7.917,15.3,72.242,7.06,6.93127858464219,22.0,3.0,236601.0,43.9841003417969,13.39335,5.32032108306885,8.9,4.598
Sweden,SWE,25.2376654802124,51939.4297445291,2.54687548145611,5652.98974609,6.833,0.3,83.109756097561,8.6,19.9695673559639,24.8,2.14,50957868.602,92.0146331787109,12.23325,7.63851022720337,4.2,15.920000000000002
Switzerland,CHE,217.042781721823,84121.9310304414,-0.103895158007788,9666.98046875,4.394,0.0,83.9048780487805,7.9,18.5569421853672,25.7,4.63,30339654.0,97.1908187866211,9.92873,5.01438999176025,5.9,22.64
Syria,SYR,109.449714099003,1124.52055370091,19.8313540100224,63.13696671,8.61,0.0,71.822,5.033,4.49421184723457,25.5,1.4,18456.6450466215,97.1908187866211,9.92873,5.29163980484009,9.9,2.605
Tajikistan,TJK,67.2743209164925,889.023371804416,3.65868410750916,61.76633072,6.9,6.1,70.867,4.843,3.17687592046399,25.5,4.67,539094.616,94.5381622314453,22.30051,5.56805467605591,6.3,6.42
Tanzania,TZA,67.5915319485211,1050.93176269531,2.2804089300173,39.56215286,2.781,44.9,66.989,6.012,3.12050529842718,9.2,0.7,1498093.0,11.4890699386597,50.63304,3.59683632850647,2.8,0.6000000000000001
Thailand,THA,139.57557008358,7628.57603307351,1.01442340642497,294.46008301,0.716,0.1,78.975,7.14,13.2083487179369,22.5,2.1,76344410.0,49.5755195617676,16.63844,3.02221417427063,7.5,3.9749999999999996
Timor,TLS,86.1088096839274,1583.07860279061,4.87409651725565,79.26290131,4.657,24.4,68.268,6.888,5.4291990042466,39.8,5.9,28179302.666,33.470458984375,26.94886,4.17656230926514,7.5,2.549
Togo,TGO,151.555322669608,848.304534594506,0.0125767477580467,49.42482758,2.056,28.4,60.901,8.465,3.02076483534187,7.1,0.7,633629.0,21.1068992614746,40.14504,4.20166826248169,3.3,0.531
Tonga,TON,145.765277777778,4878.97868604087,7.70373059426311,229.94410706,2.248,1.8,70.871,6.909,6.14718367230266,31.1,2.6,320806.0,87.9980621337891,21.63312,5.27322959899902,12.7,5.333
Trinidad and Tobago,TTO,296.287524366472,15642.4067190576,-3.81226150744531,1071.89624023,3.523,1.8,74.228,7.701,10.1277669404686,31.0,3.02,2583595.0,67.4887466430664,21.63312,3.59864854812622,12.7,7.843
Tunisia,TUN,77.5573764160659,3477.83618091653,7.13476112863445,189.74969482,17.153,0.1,75.993,6.145,8.33619691279507,25.0,2.18,4335325.0,42.7090911865234,16.87168,6.22044992446899,9.5,3.694
Turkey,TUR,107.297584553617,9215.44087472889,13.8677352522894,397.40911865,13.73,0.5,77.832,5.084,7.95083026834964,30.9,2.85,111131475.0,66.0219192504883,16.97782,4.45403003692627,7.9,4.97
Turks and Caicos Islands,TCA,45.3473684210526,27795.1485608171,2.12932491093834,395.24041748,13.148,0.5,75.326,8.458,9.76903435468895,30.7,2.85,44722690.061,88.1558609008789,17.69231,2.50508999824524,7.9,5.439
Tuvalu,TUV,365.2,4940.05098268449,6.43874385090449,1033.86682129,26.553,3.6,64.278,10.161,5.82329317269076,36.0,2.85,44722690.061,58.2867317199707,15.57647,2.92456269264221,19.2,4.955
Uganda,UGA,214.188509874327,823.024732902811,3.00001181631713,33.40487289,2.563,42.1,62.991,5.823,1.64536586115465,8.9,0.5,19822.5,19.1896991729736,42.65911,2.30828070640564,2.8,1.8439999999999999
Ukraine,UKR,76.6071850189852,3661.45776367188,8.24622626642469,246.9130249,8.194,0.0,71.8273170731707,14.7,16.9204304589202,26.2,7.46,7604522.332,19.1896991729736,12.98011,5.44129991531372,2.9,9.646
United Arab Emirates,ARE,129.705111236271,45376.1708381558,-3.19440940863002,1947.1307373,2.331,0.0,79.726,1.471,1.47102198876923,25.8,1.38,93995208.09,84.1677169799805,24.52278,3.86020994186401,18.8,8.854
United Kingdom,GBR,276.263080229819,42662.5353740311,2.11573274293868,4265.20117188,3.737,0.5,81.4048780487805,9.0,18.530703049907,16.1,2.46,142392528.0,99.8025970458984,15.13275,5.24871015548706,5.2,11.63
United States,USA,35.8931756713915,65120.3946628653,1.79393050089551,10661.02832031,3.669,1.0,78.7878048780488,8.7,15.7918008297391,23.4,2.87,926737000.0,96.4607696533203,14.19857,4.98727989196777,9.4,16.678
Uruguay,URY,19.588669866301,18098.361548609,8.38584775298929,1677.09790039,8.734,0.1,77.508,10.057,15.1667457363963,22.0,2.43,369501000.0,58.0900001525879,11.0193,4.64130020141602,5.7,12.248000000000001
Uzbekistan,UZB,76.2228325634711,1795.20176845657,17.8148511042514,98.5874176,8.98,0.2,71.344,4.6,4.75465012711304,17.8,3.98,3685192.0,99.9171905517578,21.50664,6.29534673690796,6.4,13.643
Vanuatu,VUT,24.9716160787531,3076.58988588361,3.27936283046665,101.97441101,5.445,10.0,69.877,5.663,3.70395312815678,18.2,3.98,466865.053133403,99.9171905517578,26.56507,1.77407002449036,16.1,1.5579999999999998
Venezuela,VEN,32.8458511422255,15975.7293753361,40.4404901065548,113.25978851,7.53,10.0,72.161,7.017,7.62256014566775,17.8,0.87,1516839.0,74.4302291870117,26.56507,2.17358994483948,10.2,3.665
Vietnam,VNM,305.577071681306,3491.09140990663,2.42322694229267,173.65045166,1.681,0.7,74.093,6.706,8.07365222214524,25.0,2.6,53227026.0,65.3397903442383,20.27696,3.08499836921692,3.2,2.287
United States Virgin Islands,VIR,304.768571428571,38633.5298915336,2.05338002448778,166.23184204,2.103,0.7,79.6682926829268,8.2,19.247915974471,24.8,2.6,31771202.0,65.3397903442383,20.27696,3.21652889251709,12.1,2.287
Palestine,PSE,778.290033222591,3656.85827137011,3.84946930147241,166.23184204,25.34,0.5,75.241,3.225,3.36622384592205,24.8,2.6,31771202.0,75.2446975708008,24.45322,4.72153997421265,9.2,4.121
Yemen,YEM,59.7509157717295,693.816504026198,14.8536647661831,63.30020905,13.467,19.8,65.092,6.416,2.73673235649343,20.5,0.71,52034.893,67.7803726196289,26.93016,5.46478986740112,9.6,1.021
Zambia,ZMB,24.7252142213374,1268.12094056241,7.63347048076743,67.4577713,5.539,60.8,62.793,6.571,1.71222710140295,14.6,2.0,17505.6896363636,37.650218963623,42.05996,4.41824007034302,4.8,1.6680000000000001
Zimbabwe,ZWE,39.6913739175391,1421.86859613585,225.394648207397,54.80850601,7.373,39.8,61.292,8.043,3.34578073715007,12.1,1.7,324226.537,64.9352264404297,36.4082,2.05048990249634,9.8,2.218
