,Date,S,E,I,Q,R,D,P,Total Cases,std S,std E,std I,std Q,std R,std D,std P,std Total Cases,N
0,2021-12-01,8889711.9,34247.1,32281.6,31948.5,868430.0,34754.3,169200.6,935132.8,101296.22017770456,320.05451098211375,28.85896741049478,172.3886597198319,0.0,171.02692770438227,101060.45355053578,343.4155874242142,10060574
1,2021-12-02,6049947.0,71538.7,35869.4,27763.9,868459.4,41035.4,2965960.2,937258.7000000001,1400420.284031119,4748.202650477337,974.5171317119058,2755.3758164722285,4.963869458396342,2695.9754524104997,1399124.8734082172,5456.315138341125,10060574
2,2021-12-03,4530894.7,96342.7,42382.2,26434.0,868536.7,44703.2,4451280.5,939673.8999999999,1697221.7913678251,9991.722074297302,2107.912844498083,3800.803204587157,17.669465187152664,3710.129264594429,1700001.7344998359,7528.6019343687385,10060574
3,2021-12-04,3586938.5,115072.0,50661.8,26756.0,868657.9,47128.9,5365358.9,942542.8,1681875.7362715742,17515.409792522696,2983.034890845228,4225.23521238759,40.92053274335514,4142.522092880134,1690902.3239989027,8408.677838011079,10060574
4,2021-12-05,2917708.5,131224.6,60426.5,28437.1,868839.5,48873.8,6005064.0,946150.4,1556968.3561857159,26847.516418469695,3648.8648988418304,4354.767857188256,74.79605604575686,4277.999317438001,1574044.4300876644,8707.563230672014,10060574
5,2021-12-06,2451105.4,144735.8,70566.6,31052.6,869096.6,50089.3,6443927.7,950238.5,1406823.097525499,36266.8798321554,4306.358396603794,4376.863402026616,119.04217739944109,4291.1976661533545,1432598.367966057,8787.10324557941,10060574
6,2021-12-07,2094694.2,156802.1,81328.8,34522.4,869425.8,51020.3,6772780.4,954968.5,1255036.0583642048,45972.41283954977,5439.135791649258,4339.890533181683,174.86268898767398,4256.035104413496,1290389.7110215349,8770.788326582853,10060574
7,2021-12-08,1813106.4,167967.7,92418.3,38795.2,869841.3,51747.9,7026697.2,960384.4,1111293.5806603222,55569.07199162138,7406.428478693358,4195.405172328413,228.94761409545197,4144.315056797685,1156916.6121918901,8568.66784322155,10060574
8,2021-12-09,1584961.9,178272.9,103852.0,43827.9,870374.0,52298.9,7226986.4,966500.8,978859.0802383609,64875.40011660814,10248.41496037314,4045.4032543122325,289.2428045777457,4042.5432452850764,1035326.1979865283,8377.189304175054,10060574
9,2021-12-10,1396552.1,187775.7,115470.8,49534.2,871057.4,52746.6,7387437.2,973338.2,859032.5632557186,73714.83866909023,13797.391918764937,3893.112091887415,364.82713714854054,3921.5361836912844,926581.4019391712,8179.47541272724,10060574
10,2021-12-11,1238651.0,196554.7,127169.7,55921.1,871916.7,53096.7,7517264.1,980934.5,751399.3088917503,82075.17203155898,18030.072823202907,3896.7448582117872,452.80990492700136,3803.0795692438514,830363.1956173696,8152.6343323826395,10060574
11,2021-12-12,1104822.5,204545.2,138922.9,62910.2,872952.6,53384.5,7623036.1,989247.2999999999,655642.4771907704,89685.02639660647,22615.32615484464,4144.75455968143,537.2409515291997,3682.4715681183475,746070.7509686262,8364.467079328977,10060574
12,2021-12-13,985555.3,212116.7,151158.5,70717.4,874284.7,53624.8,7713116.6,998626.8999999999,566801.5341369588,96868.3476374507,27985.70113200668,4915.118598772567,631.993836995267,3559.783639492715,669230.8101382063,9106.896075260549,10060574
13,2021-12-14,886458.1,218512.3,162764.2,78778.6,875837.7,53796.8,7784426.3,1008413.1,491139.38357648527,102901.82613933535,33265.480296547656,6168.101072453337,734.4945268686486,3462.5940507082255,604969.8056843912,10365.18965003021,10060574
14,2021-12-15,800023.3,224059.6,174222.5,87325.6,877661.6,53944.6,7843336.8,1018931.8,423868.5046997594,108016.85133089189,38793.93656036984,7845.231853807764,865.1982662950729,3370.9337341454816,548862.509743524,12081.363854248319,10060574
15,2021-12-16,724110.7,228843.2,185382.9,96307.4,879787.0,54062.8,7892080.0,1030157.2,364719.7811671448,112257.71342388904,44380.51133650896,9872.845761987777,995.4151897575202,3285.5417148470356,500424.3203354529,14153.802666592332,10060574
16,2021-12-17,657000.1,232478.4,196320.1,105606.2,882249.9,54156.0,7932763.3,1042012.1000000001,312401.15452361887,115522.02187998616,49936.66376010716,12255.550202255303,1192.732027741353,3206.3917415063306,458218.6067418149,16654.673971502987,10060574
17,2021-12-18,597461.3,235198.2,206865.3,115249.2,885097.9,54231.0,7966471.1,1054578.1,266383.4933606247,117824.73254440258,55355.65525589956,14989.554855298406,1489.2235863026074,3146.9960915133024,421796.50650839915,19625.774533114316,10060574
18,2021-12-19,544363.7,236969.0,217037.1,125056.8,888350.6,54297.1,7994499.7,1067704.5,226164.16002985532,119224.70222399384,60683.15201841447,17947.875249176435,1838.9032165940653,3086.2398302789106,390433.7216509481,22873.018296049413,10060574
19,2021-12-20,496779.5,237719.9,226807.4,135097.2,892012.1,54347.0,8017810.9,1081456.3,191057.49573374505,119738.39876869075,65826.95612011844,21114.42597751594,2305.1650895326347,3036.9168905322385,363311.69154582685,26456.507957580816,10060574
20,2021-12-21,452489.3,237721.3,236165.9,145778.6,896333.8,54388.4,8037696.7,1096500.8,159802.58931134376,119357.78110961178,70728.59510049666,24708.78674965649,2939.732906234851,2995.26396833401,339315.7844283257,30643.78362422535,10060574
21,2021-12-22,414193.4,236830.4,244631.5,156153.0,900940.9,54422.0,8053402.8,1111515.9,133975.92765284367,118137.03717564617,75135.7869144258,28328.81029623376,3672.833523316841,2958.9388976455734,319532.90883250197,34960.58271719618,10060574
22,2021-12-23,379656.7,235138.1,252469.4,166559.0,905997.6,54446.2,8066307.0,1127002.8,112286.5966026667,116208.23949397908,79081.54547073547,32152.60525991634,4525.906808585435,2933.1999522705573,302613.317784925,39611.712020772335,10060574
23,2021-12-24,348563.3,232574.4,259681.1,176901.7,911624.3,54466.4,8076762.8,1142992.4000000001,94433.08139211597,113634.16112701321,82584.30639467767,35998.5639770533,5513.48922280619,2911.4333995473776,288241.6207849935,44423.48659940687,10060574
24,2021-12-25,320518.0,229293.8,266293.4,187096.2,917760.3,54480.8,8085131.5,1159337.3,79917.8687628743,110544.46092301504,85651.88234031988,39880.07157165092,6713.7868904218285,2894.466645169711,276016.274052908,49488.32510724246,10060574
25,2021-12-26,295197.1,225364.4,272096.9,197118.7,924468.6,54494.0,8091834.3,1176081.3,68450.68536172592,106983.16840251087,88169.59731954095,43782.53469375659,8011.916976604289,2880.117323999146,265520.32003183867,54674.56899436003,10060574
26,2021-12-27,272285.9,220888.6,277194.4,207035.6,931660.0,54505.3,8097004.2,1193200.9,59978.745136006306,102889.10147357688,90271.02762038328,47676.487505268255,9562.442062569582,2865.9232735717123,256678.6089804914,60104.85284140955,10060574
27,2021-12-28,251543.6,215895.3,281590.7,216732.4,939387.1,54512.8,8100912.1,1210632.3,54019.7653441775,98546.76303567764,91823.80981864127,51499.63394277672,11274.346016066742,2856.9539303250936,249170.26149861864,65630.93388916856,10060574
28,2021-12-29,232070.4,210246.3,285427.9,226437.3,948047.8,54520.0,8103824.3,1229005.1,50029.95102176296,93730.88407675455,93023.92795453222,55367.539291628265,13270.07309550328,2848.5676049551644,242598.98794597227,71486.1799920867,10060574
29,2021-12-30,215214.5,204468.8,288232.4,235435.5,956974.0,54526.3,8105722.5,1246935.8,47861.17667013631,88915.4857747513,93576.17265757348,58981.96933004187,15375.771642424974,2840.929743939473,237250.05131053185,77198.67071640631,10060574
30,2021-12-31,199865.4,198419.2,290471.0,243998.1,966408.6,54531.2,8106880.5,1264937.9,46567.77001789972,83966.6977495245,93646.07104411803,62513.73024936202,17652.58093990791,2835.1255633569385,232684.01278912567,83001.43675262688,10060574
31,2022-01-01,186020.5,192249.2,291851.2,252175.3,976436.2,54534.9,8107306.7,1283146.4,45878.745990382085,79035.7058724726,93391.16125929692,65778.54886670882,20109.428568708758,2831.014321758193,228822.00409184865,88718.99175717577,10060574
32,2022-01-02,173546.2,185793.2,292670.4,259876.9,986986.3,54538.1,8107162.9,1301401.3,45386.431390449725,74034.58538791178,92666.03178641027,68905.94651182146,22759.585993818077,2826.88310511772,225566.81517477258,94492.41561075726,10060574
33,2022-01-03,162313.9,179302.0,292798.0,267105.5,998045.7,54540.9,8106468.0,1319692.1,45037.75675907938,69111.25672131857,91656.74903464556,71727.67540391923,25597.994843541946,2823.356564445943,222767.89361754985,100149.02681190713,10060574
34,2022-01-04,152143.4,172856.5,292292.8,273720.2,1009677.1,54543.4,8105340.6,1337940.7,44581.184881517,64365.35117320498,90216.9162838101,74429.12538086149,28539.663685649837,2820.3100964255686,220416.1860160002,105789.0991629369,10060574
35,2022-01-05,143016.1,166305.3,291341.8,279786.5,1021764.3,54545.3,8103814.7,1356096.1,43984.5207122915,59775.19201315877,88494.69106652669,76853.98519042457,31636.304354491214,2817.8482233789673,218453.78348339497,111308.13776829475,10060574
36,2022-01-06,134400.7,159652.8,289676.8,285507.9,1034919.8,54546.6,8101869.4,1374974.3,43309.569293748464,55215.15783695633,86489.58631164794,78935.55011837189,35124.23043370488,2816.011938895146,216671.11016893786,116875.79249097191,10060574
37,2022-01-07,127007.9,153329.0,287539.7,290514.9,1047932.9,54547.8,8099701.8,1392995.6,42519.895264334795,51011.997324158954,84223.4518184217,80771.24944737453,38569.78434072454,2814.377579501372,215225.82252685202,122155.41136760045,10060574
38,2022-01-08,120361.2,147027.9,285086.1,294894.2,1061387.8,54548.2,8097268.6,1410830.2000000002,41584.58101460204,47073.77368015018,81813.77249271666,82272.50051967546,42195.04342881993,2813.9905401404603,214042.51197843856,127281.53448863585,10060574
39,2022-01-09,114353.1,140945.6,282164.1,298688.2,1075273.4,54548.9,8094600.7,1428510.5,40549.58575238469,43315.461838008836,79352.28509053789,83485.45168686577,45895.39242059054,2812.952983965427,213003.65359685733,132193.79709142173,10060574
40,2022-01-10,108957.2,135163.2,278739.5,301899.3,1089580.0,54549.0,8091685.8,1446028.3,39456.96724990404,39868.89497039014,76628.16564064418,84584.80863612567,49637.001756754005,2812.7842078623808,212134.97322355877,137034.59460074204,10060574
41,2022-01-11,104162.4,129435.0,275006.9,304675.0,1104148.4,54549.3,8088597.0,1463372.7,38301.36131836569,36598.417531363295,73852.92851803509,85242.9820008662,53599.09386957955,2812.4258941348126,211364.2666739106,141654.50176458055,10060574
42,2022-01-12,99931.0,124047.9,270903.8,306821.4,1119047.6,54549.8,8085272.5,1480418.8,37079.85530716106,33646.19306682407,70844.9594012164,85724.81792946544,57585.686244413206,2811.7779713199266,210736.8413264515,146122.28214519858,10060574
43,2022-01-13,96128.2,118796.6,266618.1,308436.4,1134233.3,54550.2,8081811.2,1497219.9000000001,35826.31060491716,30858.93564334324,67933.31279490203,85903.25055689104,61683.90337851521,2811.298874186094,210227.12405434274,150398.45280959236,10060574
44,2022-01-14,92637.8,113566.4,261906.4,309489.8,1150404.6,54550.4,8078018.6,1514444.8,34490.9404012126,28138.51044813851,64828.2066575962,85878.18062441706,66007.90192423934,2810.9614084864274,209784.9239174255,154697.04395714283,10060574
45,2022-01-15,89643.9,108874.0,257027.6,310137.0,1166093.9,54550.5,8074247.1,1530781.4,33233.711900568676,25713.41449905088,61936.420988300575,85541.08584767906,70235.53284264311,2810.8647512820676,209389.06052965138,158587.48344160424,10060574
46,2022-01-16,87054.6,104304.8,252237.8,310072.7,1181997.1,54550.5,8070356.5,1546620.3,31986.25519250417,23560.389248906737,58999.94517421181,84990.82217986834,74535.2374591374,2810.8647512820676,209097.63154002966,162336.92439028778,10060574
47,2022-01-17,84816.2,100033.1,247238.8,309438.6,1198180.0,54550.7,8066316.6,1562169.3,30712.551166583347,21622.946410931145,56086.27657956981,84245.72712630594,78803.84573991297,2810.5994040417786,208855.42633419894,165860.1722702607,10060574
48,2022-01-18,82913.7,95948.4,242163.1,308492.0,1214362.7,54550.7,8062143.4,1577405.4,29523.73491972179,19852.731148131737,53238.45348326715,83375.33892704724,83067.05651105016,2810.5994040417786,208640.1525110639,169252.9948421392,10060574
49,2022-01-19,81360.7,92044.2,236930.1,307216.1,1230649.1,54550.7,8057823.1,1592415.9000000001,28341.80623760596,18188.820636863733,50517.32485484559,82216.28502243335,87330.29233828317,2810.5994040417786,208493.28673146767,172357.1767647583,10060574
50,2022-01-20,80012.3,88379.7,231702.7,305479.0,1246997.1,54550.7,8053452.5,1607026.8,27233.80512543189,16698.597043165035,47924.873362482664,80890.19536878372,91531.00073248408,2810.5994040417786,208322.01687543734,175231.7955053096,10060574
51,2022-01-21,78812.5,84831.4,226193.4,303330.9,1264073.9,54550.9,8048781.0,1621955.7,26147.56213971008,15351.638741189816,45177.0695114236,79495.08921996376,95853.34364063677,2810.262032266742,208208.30096084066,178158.69489286726,10060574
52,2022-01-22,77994.6,81655.5,220891.6,300822.7,1280543.4,54550.9,8044115.3,1635917.0,25130.505200652056,14161.475306266646,42633.91654117646,77986.42434686949,99994.78589626562,2810.262032266742,208110.96882435103,180791.47227540184,10060574
53,2022-01-23,77391.8,78609.5,215697.9,297953.8,1297034.4,54550.9,8039335.7,1649539.0999999999,24165.166685955217,13037.617690743966,40246.341049715316,76328.3249833245,104111.78172445229,2810.262032266742,208067.0661748514,183250.36874004354,10060574
54,2022-01-24,76997.2,75776.0,210407.3,294859.1,1313524.8,54550.9,8034458.7,1662934.8,23257.49474384548,12093.715012352492,37956.46689313957,74547.53926515616,108201.304244265,2810.262032266742,208021.37227700907,185559.1055416879,10060574
55,2022-01-25,76804.2,73162.5,205190.5,291521.8,1329903.9,54550.9,8029440.2,1675976.5999999999,22291.224554967812,11213.695922843637,35683.03331066461,72742.94221544797,112179.55015638992,2810.262032266742,208086.51205967195,187732.7544041046,10060574
56,2022-01-26,76751.9,70737.2,200076.5,287846.8,1346227.8,54550.9,8024382.9,1688625.5,21454.14663625659,10449.800024880858,33567.953286579745,70844.86509380901,116092.28508802813,2810.262032266742,208117.33429315782,189747.41221410388,10060574
57,2022-01-27,76925.6,68442.0,195036.4,283875.9,1362536.6,54551.0,8019206.5,1700963.5,20748.005481009495,9774.892081245705,31557.753396590197,68893.8762931075,119891.78001280989,2810.0933792313735,208108.94010313443,191595.74968514877,10060574
58,2022-01-28,77289.6,66339.0,190094.5,279723.7,1378685.0,54551.0,8013891.2,1712959.7,20032.18787451835,9215.055811008417,29577.169179115164,66887.98247973996,123671.18565858419,2810.0933792313735,208184.8719550967,193369.2615175555,10060574
59,2022-01-29,77727.2,64312.6,185007.6,275178.6,1395477.0,54551.0,8008320.0,1725206.6,19355.186244518547,8624.281746325314,27669.623286918813,64746.252189914434,127506.90119126886,2810.0933792313735,208250.2707955022,195063.24676041468,10060574
60,2022-01-30,78389.8,62544.1,180200.9,270706.2,1411389.7,54551.0,8002792.3,1736646.9,18782.395112445058,8207.630698928893,25909.336454066128,62639.170217684084,131129.89798520398,2810.0933792313735,208378.16438007602,196579.16158211944,10060574
61,2022-01-31,79131.2,60915.8,175594.5,265959.3,1427251.1,54551.0,7997171.1,1747761.4000000001,18173.141493974013,7788.720033484321,24300.51957572101,60467.72464720332,134686.36716197376,2810.0933792313735,208490.45395290884,197964.18518840845,10060574
62,2022-02-01,80069.8,59330.3,171150.0,261162.0,1442839.0,54551.0,7991471.9,1758552.0,17598.62201310091,7364.144676063881,22845.448618926264,58341.270517533296,138060.1013725544,2810.0933792313735,208631.3738911049,199211.46526931907,10060574
63,2022-02-02,81056.8,57906.3,166774.9,256289.6,1458257.9,54551.0,7985737.5,1769098.5,17185.80595026023,7057.844331663883,21396.86726813063,56277.611541713464,141338.88967191585,2810.0933792313735,208712.9121732769,200426.5945928607,10060574
64,2022-02-03,82189.8,56641.2,162483.2,251402.9,1473456.4,54551.0,7979849.5,1779410.2999999998,16819.95463014095,6734.927776895607,20073.567937962598,54198.08104066048,144496.57300863575,2810.0933792313735,208862.27228211897,201504.7474285276,10060574
65,2022-02-04,83403.7,55471.6,158439.4,246293.1,1488520.5,54551.0,7973894.7,1789364.6,16453.696521146852,6447.80835943501,18811.339953336657,52150.41296375322,147555.66400192844,2810.0933792313735,209025.84303145387,202516.17034491303,10060574
66,2022-02-05,84760.2,54387.7,154463.7,241230.9,1503364.2,54551.0,7967816.3,1799146.1,16226.540800799163,6188.87574685419,17595.219498772953,50099.66659260319,150525.48880957006,2810.0933792313735,209179.97645905308,203435.24878140463,10060574
67,2022-02-06,86293.0,53365.4,150482.0,235923.2,1518582.9,54551.0,7961376.5,1809057.0999999999,15951.416501364385,5949.0003395528565,16545.72203320242,47886.205311759666,153577.9161015346,2810.0933792313735,209402.71345149758,204274.21479252563,10060574
68,2022-02-07,87906.6,52463.3,146806.4,230869.7,1532896.6,54551.0,7955080.4,1818317.3,15814.700580156426,5764.0417078643695,15548.083529490057,45933.085404858226,156286.9048251964,2810.0933792313735,209537.515664952,205030.083609286,10060574
69,2022-02-08,89641.9,51650.4,143216.5,225908.3,1546928.5,54551.0,7948677.4,1827387.8,15689.850798844456,5596.661758584309,14633.046902473867,44016.14529022277,158918.53055276469,2810.0933792313735,209730.40036732872,205744.76922221883,10060574
70,2022-02-09,91285.5,50979.1,139846.3,220859.7,1560766.2,54551.0,7942286.2,1836176.9,15675.673607535977,5449.853309035024,13775.553041892728,42146.56235103879,161446.0057795175,2810.0933792313735,209924.86189910903,206402.66150978766,10060574
71,2022-02-10,93114.5,50369.6,136539.8,215930.1,1574307.7,54551.0,7935761.3,1844788.7999999998,15688.295893754681,5316.4811144214555,13068.692442627917,40260.07653855119,163863.44446218014,2810.0933792313735,210128.04358107466,206933.6143799627,10060574
72,2022-02-11,95067.2,49740.3,133410.6,210950.3,1587701.9,54551.0,7929152.7,1853203.2,15750.228530405519,5210.552236567637,12361.14809554517,38379.259221746324,166208.86298657482,2810.0933792313735,210363.5086035836,207398.21558755252,10060574
73,2022-02-12,97087.5,49231.8,130378.4,206011.4,1600856.2,54551.0,7922457.7,1861418.5999999999,15858.867268818414,5142.916522752435,11816.226725989985,36546.2395991708,168450.6544022908,2810.0933792313735,210533.5712550614,207806.98738069297,10060574
74,2022-02-13,99239.5,48746.1,127502.1,201127.5,1613791.6,54551.0,7915616.2,1869470.1,15937.548727768646,5080.367692401801,11284.639643781275,34706.50688631744,170638.26737001285,2810.0933792313735,210741.80118277436,208154.86763556168,10060574
75,2022-02-14,101555.9,48333.4,124655.4,196092.1,1627003.8,54551.0,7908382.4,1877646.9000000001,16177.473587986475,5021.014841643071,10726.885039003635,32954.147594650356,172780.71925640313,2810.0933792313735,211017.50883052332,208544.96023028487,10060574
76,2022-02-15,103797.5,48013.3,122050.1,191388.2,1639393.1,54551.0,7901380.8,1885332.3,16393.90152617735,4946.23460927603,10288.486433387567,31361.266871094347,174685.92077580266,2810.0933792313735,211294.1061240469,208857.2810261284,10060574
77,2022-02-16,106158.5,47733.0,119550.1,186785.2,1651526.0,54551.0,7894270.2,1892862.2,16706.863794560606,4865.425510682493,9902.817664180231,29737.406211033267,176538.47145480782,2810.0933792313735,211559.29262587355,209085.97104507245,10060574
78,2022-02-17,108632.9,47466.6,117195.0,182249.0,1663445.5,54551.0,7887034.0,1900245.5,17058.879414838477,4797.924888949388,9496.838926716615,28272.774377481954,178266.71865227676,2810.0933792313735,211829.48017544678,209349.5864089901,10060574
79,2022-02-18,111113.1,47234.3,114931.7,177802.7,1675161.7,54551.0,7879779.5,1907515.4,17441.96138884615,4759.76119253897,9221.301448819468,26835.547037651388,179870.27530809533,2810.0933792313735,212076.60593533178,209515.91572497808,10060574
80,2022-02-19,113725.5,47052.8,112798.9,173502.5,1686540.4,54551.0,7872402.9,1914593.9,17818.697512725223,4714.344107084251,8956.380155509254,25449.836020100407,181409.3131287366,2810.0933792313735,212347.94216118508,209669.24252806837,10060574
81,2022-02-20,116335.0,46889.0,110797.3,169267.5,1697746.4,54551.0,7864987.8,1921564.9,18285.542113921587,4702.206588400812,8735.26791861589,23992.484870267188,182963.52225468334,2810.0933792313735,212652.5509443985,209766.1005041819,10060574
82,2022-02-21,119050.7,46730.5,108913.5,165182.0,1708687.4,54551.0,7857458.9,1928420.4,18801.40028322359,4694.153049273106,8506.187633129191,22651.821697161577,184356.08447740477,2810.0933792313735,212883.62634944473,209817.9995537977,10060574
83,2022-02-22,121831.9,46709.6,107077.3,160963.5,1719863.7,54551.0,7849577.0,1935378.2,19305.75507173962,4668.927697019948,8346.557171073591,21330.573279919132,185731.5862582614,2810.0933792313735,213218.8291816649,209872.2529174119,10060574
84,2022-02-23,124661.2,46683.7,105378.5,157094.3,1730362.3,54551.0,7841843.0,1942007.6,19803.476335229632,4587.74626695941,8245.12721854551,20067.16231085003,186990.90224021595,2810.0933792313735,213550.89945537574,209868.15793029734,10060574
85,2022-02-24,127534.0,46688.5,103823.8,153343.8,1740609.6,54551.0,7834023.3,1948504.4000000001,20402.05014208131,4573.117738479953,8117.069628874696,18874.806408543634,188139.02982007747,2810.0933792313735,213905.8205603812,209823.92960785248,10060574
86,2022-02-25,130486.8,46720.9,102306.2,149655.8,1750741.5,54551.0,7826111.8,1954948.3,20982.147300979468,4607.461089363643,8058.436806229853,17794.358621765496,189264.19707290124,2810.0933792313735,214235.5902751921,209868.6490738981,10060574
87,2022-02-26,133496.3,46765.8,100888.4,146129.4,1760627.5,54551.0,7818115.6,1961307.9,21634.48896576945,4600.380153856853,7988.304603606451,16740.039164828737,190313.77277603952,2810.0933792313735,214532.55072142315,209863.90532009964,10060574
88,2022-02-27,136472.0,46877.5,99597.8,142735.3,1770251.1,54551.0,7810089.3,1967537.4000000001,22355.912631784908,4577.946313577738,7986.222258364714,15778.03468781838,191219.24759680967,2810.0933792313735,214939.24555978604,209807.37566385942,10060574
89,2022-02-28,139527.3,46974.8,98323.9,139509.2,1779697.1,54551.0,7801990.7,1973757.3,23026.358409657398,4589.394814133994,7911.062740871165,14733.275778318955,192156.6710694427,2810.0933792313735,215221.06445422577,209700.04022699303,10060574
90,2022-03-01,142645.6,47112.3,97194.9,136313.9,1788987.9,54551.0,7793768.4,1979852.7999999998,23744.4263699926,4542.761694167987,7908.733052139261,13788.671179268871,192989.51649530086,2810.0933792313735,215581.229709917,209588.28105380113,10060574
91,2022-03-02,145918.4,47293.9,96075.4,133163.2,1798430.5,54551.0,7785141.6,1986144.7,24531.797081339148,4546.577227981506,7878.955098234791,12864.779211475026,193828.02088926669,2810.0933792313735,215977.92233753894,209502.89347997308,10060574
92,2022-03-03,149083.6,47470.1,95121.7,130241.2,1807325.2,54551.0,7776781.2,1992117.4,25412.38160897164,4607.877742518784,7932.815389885233,11974.082376533075,194534.3718892885,2810.0933792313735,216421.75421237116,209318.54764505295,10060574
93,2022-03-04,152340.8,47668.1,94208.1,127446.9,1816076.6,54551.0,7768282.5,1998074.5,26265.489208465162,4556.015176664801,7983.22867579277,11238.754970636206,195206.81708649418,2810.0933792313735,216779.7852408061,209255.66543636177,10060574
94,2022-03-05,155600.4,47935.0,93362.5,124760.5,1824643.0,54551.0,7759721.6,2003954.5,27057.524118810277,4598.194906699801,8060.52689654963,10417.810060180595,195824.7673196626,2810.0933792313735,217178.58952861812,209052.6707590746,10060574
95,2022-03-06,158970.3,48226.7,92638.7,122129.4,1833051.4,54551.0,7751006.5,2009731.7999999998,27970.095495189144,4616.952372507215,8129.105338842645,9703.492898951386,196377.24173090936,2810.0933792313735,217601.21943511715,208890.82800909213,10060574
96,2022-03-07,162330.3,48507.6,91973.5,119631.8,1841305.6,54551.0,7742274.2,2015488.4000000001,28896.757133110976,4633.719331163682,8165.157196894619,8970.966055002104,196913.3426049134,2810.0933792313735,218016.54902268312,208694.40203914687,10060574
97,2022-03-08,165761.4,48788.8,91423.2,117235.5,1849409.3,54551.0,7733404.8,2021195.8,29822.97922139906,4643.62355924767,8211.586105010409,8268.574015511986,197407.20944841398,2810.0933792313735,218488.26160862736,208485.87684315734,10060574
98,2022-03-09,169329.8,49136.0,90940.3,114816.7,1857711.8,54551.0,7724088.4,2027079.5,30828.609098692727,4640.869573689827,8315.338815105491,7675.925534422543,197778.34162455707,2810.0933792313735,218970.7985746958,208264.36053821098,10060574
99,2022-03-10,172765.1,49504.0,90486.1,112646.3,1865546.1,54551.0,7715075.4,2032743.4000000001,31812.80457441626,4653.48864831537,8432.067592826803,7152.534348746603,198126.09810948683,2810.0933792313735,219471.50641584434,208088.72583746482,10060574
100,2022-03-11,176248.2,49930.6,90072.0,110518.8,1873307.3,54551.0,7705946.1,2038377.1,32902.77566042112,4724.093271729507,8521.31025136393,6636.624575791522,198463.53874908612,2810.0933792313735,219982.66934076874,207910.25670410902,10060574
101,2022-03-12,179719.5,50342.6,89753.6,108599.5,1880829.2,54551.0,7696778.6,2043979.7,33900.49834515711,4754.273303040119,8599.901571529757,6155.2424850691295,198779.9129252249,2810.0933792313735,220425.29989282085,207745.2487895254,10060574
102,2022-03-13,183211.6,50754.6,89482.4,106770.1,1888279.7,54551.0,7687524.6,2049600.8,35011.19856617309,4782.953443218948,8685.634740190264,5649.856519417108,199024.17344787542,2810.0933792313735,220861.3834223629,207484.1233465239,10060574
103,2022-03-14,186775.7,51141.1,89281.2,105061.7,1895575.4,54551.0,7678187.9,2055188.0999999999,35996.55562425383,4806.175474324674,8769.245119165045,5224.886353787993,199245.11835886972,2810.0933792313735,221282.34556080156,207280.0980918891,10060574
104,2022-03-15,190317.4,51614.3,89137.1,103330.9,1902858.7,54551.0,7668764.6,2060740.5999999999,37049.33207549092,4822.76468532314,8925.80869669522,4876.859757056788,199402.6879804031,2810.0933792313735,221763.2158213801,207089.64111669126,10060574
105,2022-03-16,193829.0,52120.7,89066.8,101790.8,1909958.7,54551.0,7659257.0,2066300.5,38172.736262940336,4868.340621813556,9062.36004360895,4561.451913590671,199541.8423684867,2810.0933792313735,222280.89921268538,206913.38766130872,10060574
106,2022-03-17,197585.6,52574.2,89085.4,100253.0,1917277.7,54551.0,7649247.1,2072081.7,39386.019581064545,4909.713979449311,9143.704076576407,4309.688318196572,199655.6868491604,2810.0933792313735,222880.6607525426,206775.46854658835,10060574
107,2022-03-18,201191.5,53087.2,89080.2,98851.5,1924248.2,54551.0,7639564.4,2077650.7,40553.3526832246,4935.981904342843,9166.51644628427,4054.913741376011,199769.39076284933,2810.0933792313735,223421.60130578245,206634.39788345672,10060574
108,2022-03-19,204762.4,53640.0,89200.9,97520.3,1931103.9,54551.0,7629795.5,2083175.2,41775.865399055474,4897.9989179255645,9289.74697664043,3933.1895975149737,199864.88558246044,2810.0933792313735,223998.73161571697,206608.1685592068,10060574
109,2022-03-20,208308.4,54124.1,89368.4,96301.2,1937904.2,54551.0,7620016.7,2088756.4,43016.415611252414,4915.810583210057,9426.8561164367,3782.8371046081274,199926.0435129951,2810.0933792313735,224548.5450636677,206518.9739968346,10060574
110,2022-03-21,211837.8,54733.3,89526.1,95142.4,1944671.1,54551.0,7610112.3,2094364.5,44257.20533156155,4995.026026959219,9579.930724697335,3657.0014820888437,199945.72728140504,2810.0933792313735,225087.807328629,206412.82214272526,10060574
111,2022-03-22,215442.2,55391.5,89792.2,94094.7,1951265.8,54551.0,7600036.6,2099911.5,45479.04115040246,5001.418923665563,9716.214548886825,3575.5076296939988,199940.3220832656,2810.0933792313735,225686.3387926704,206325.923092191,10060574
112,2022-03-23,218949.2,56041.9,90073.6,93078.6,1957892.7,54551.0,7589987.0,2105522.3,46776.51540206902,5038.038674921026,9868.18744451077,3566.0111665557074,199897.84399940388,2810.0933792313735,226303.979016278,206273.94854519097,10060574
113,2022-03-24,222514.1,56698.0,90399.9,92140.3,1964444.1,54551.0,7579826.6,2111135.4,48065.064249306895,5054.333507001689,9991.385353893622,3591.1444707780834,199819.179547635,2810.0933792313735,226897.3666926084,206220.41739764446,10060574
114,2022-03-25,226214.9,57407.9,90817.6,91239.7,1971179.5,54551.0,7569163.4,2116970.2,49550.50440600983,5120.472350281759,10140.370172730383,3646.70950447112,199734.6309958541,2810.0933792313735,227613.96584621078,206191.4338795566,10060574
115,2022-03-26,229712.4,58129.3,91277.6,90438.0,1977647.6,54551.0,7558818.1,2122636.6,50915.471148168705,5152.972987509249,10294.900729973067,3741.0850565043293,199599.59547464017,2810.0933792313735,228202.6901074788,206150.77391037586,10060574
116,2022-03-27,233170.4,58893.3,91749.0,89751.0,1984042.5,54551.0,7548416.8,2128344.5,52318.12992491226,5216.932183764708,10454.495377587577,3848.6799815001505,199437.04100003588,2810.0933792313735,228882.93188081981,206095.8143607674,10060574
117,2022-03-28,236614.3,59643.9,92243.9,89197.7,1990374.8,54551.0,7537948.4,2134123.5,53729.52972816717,5285.945259837638,10594.004487916738,3966.0067839074604,199274.11616905994,2810.0933792313735,229574.4609838821,206050.21633219876,10060574
118,2022-03-29,240107.8,60405.2,92795.8,88671.3,1996685.4,54551.0,7527357.5,2139907.6999999997,55239.651377973045,5370.192748868517,10776.968365918126,4061.145726269867,199074.0142038634,2810.0933792313735,230277.12888007355,205945.25330936463,10060574
119,2022-03-30,243516.4,61208.7,93388.8,88157.6,2002989.9,54551.0,7516761.6,2145698.5,56670.18567147985,5439.317016868938,10932.021384904076,4262.824326664189,198873.84994133844,2810.0933792313735,231002.38886479073,205946.767647234,10060574
120,2022-03-31,246958.2,61931.7,94082.0,87755.7,2009234.5,54551.0,7506060.9,2151541.2,58127.214266296985,5477.000859046856,11092.787070885297,4428.13974598815,198668.17594937043,2810.0933792313735,231692.26797519592,205906.40907458996,10060574
121,2022-04-01,250304.6,62707.4,94826.9,87417.5,2015510.0,54551.0,7495256.6,2157478.5,59664.69513405729,5555.051902547806,11238.09445101793,4637.3206973423785,198440.24497666798,2810.0933792313735,232451.94542623215,205887.65905324172,10060574
122,2022-04-02,253784.9,63552.7,95594.5,87129.0,2022001.2,54551.0,7483960.7,2163681.2,61118.58369342339,5637.497211529243,11329.509479672983,4852.657642982864,198142.29919772304,2810.0933792313735,233131.76275061705,205805.0502199373,10060574
123,2022-04-03,257132.3,64370.8,96405.6,86866.2,2028246.7,54551.0,7473001.4,2169663.9,62664.42294165007,5689.898905956063,11453.62864074089,5041.8053472937645,197847.35602835333,2810.0933792313735,233945.90871874636,205699.25475487846,10060574
124,2022-04-04,260469.9,65213.8,97215.6,86683.6,2034504.8,54551.0,7461935.3,2175739.4,64246.48195885903,5785.68037139972,11517.613791059328,5251.269602677052,197563.56359096177,2810.0933792313735,234701.71802781933,205624.9265728702,10060574
125,2022-04-05,263775.1,66075.3,98050.1,86537.1,2040749.5,54551.0,7450835.9,2181837.6,65813.57126527933,5814.031734519514,11593.903048154234,5408.884551365466,197214.4039578499,2810.0933792313735,235550.7254144848,205433.38188844675,10060574
126,2022-04-06,267005.2,66978.2,98920.0,86534.1,2046926.3,54551.0,7439659.2,2188011.4,67356.87513654416,5897.8909755945815,11752.451318767502,5507.052668170153,196845.88255691304,2810.0933792313735,236355.7981750395,205163.02860431458,10060574
127,2022-04-07,270208.7,67877.8,99870.8,86563.5,2053109.4,54551.0,7428392.8,2194223.9,68983.431786263,5930.684493378483,11946.131321896642,5622.19286844555,196475.23811473037,2810.0933792313735,237207.475933538,204907.52436240728,10060574
128,2022-04-08,273396.8,68807.5,100779.2,86635.4,2059349.5,54551.0,7417054.6,2200535.9,70551.28310782165,5987.9534275075985,12084.82865248821,5787.386131925189,196128.15753340977,2810.0933792313735,238044.66239813063,204725.63704456633,10060574
129,2022-04-09,276560.0,69727.0,101762.4,86754.0,2065569.7,54551.0,7405649.9,2206874.7,72233.99168397106,5991.398167372955,12203.564882443161,5984.656848976389,195786.16745727978,2810.0933792313735,238896.13048622198,204580.91768548754,10060574
130,2022-04-10,279825.1,70684.3,102955.3,86822.6,2072064.1,54551.0,7393671.6,2213437.7,73940.41040926133,6135.382694665427,12403.891865459,6125.060982553562,195351.60473640857,2810.0933792313735,239783.76518279963,204286.7590981935,10060574
131,2022-04-11,282896.3,71585.4,104013.0,87050.4,2078329.5,54551.0,7382148.4,2219930.9,75487.95953667049,6203.117590373408,12540.243578176622,6295.206179308188,194966.81760917677,2810.0933792313735,240630.29747195175,204072.11716771632,10060574
132,2022-04-12,285969.8,72538.1,105137.6,87340.6,2084562.9,54551.0,7370474.0,2226454.5,77047.8716277095,6346.890537105552,12690.913814221574,6426.357540629062,194557.8524051137,2810.0933792313735,241492.65248574334,203794.30332497414,10060574
133,2022-04-13,289015.5,73526.7,106292.9,87574.0,2090909.8,54551.0,7358704.1,2233034.8,78677.13794775456,6415.633157374259,12844.099816258047,6639.03687292065,194144.08399062796,2810.0933792313735,242387.92083288718,203593.21424277997,10060574
134,2022-04-14,291956.8,74523.3,107493.6,87919.8,2097222.7,54551.0,7346906.8,2239693.5,80290.80737394537,6449.885271072657,12920.141966712285,6807.578200799459,193709.2240163333,2810.0933792313735,243345.20542258484,203326.89559636413,10060574
135,2022-04-15,294886.8,75513.0,108654.5,88307.8,2103616.7,54551.0,7335044.2,2246475.5,81948.19049472662,6554.818166814393,13052.047795269522,6972.264923251268,193239.8040979394,2810.0933792313735,244290.19714626294,203022.16240042204,10060574
136,2022-04-16,297744.5,76534.9,109928.8,88689.7,2110029.4,54551.0,7323095.7,2253270.1,83601.9170309509,6719.478885300556,13162.89629071049,7107.600369322969,192764.45612985812,2810.0933792313735,245237.41691880953,202682.14987841246,10060574
137,2022-04-17,300684.2,77586.3,111226.2,89192.5,2116720.9,54551.0,7310612.9,2260464.4,85247.13626134311,6918.878869441204,13321.85787193363,7278.785492786554,192269.6632365335,2810.0933792313735,246185.36064983637,202358.54210855142,10060574
138,2022-04-18,303584.1,78559.9,112497.9,89684.4,2123214.5,54551.0,7298482.2,2267449.9,86902.93190617909,7060.3242907107315,13416.80796948365,7468.496102964773,191821.7369388829,2810.0933792313735,247194.76842109748,202100.32642107905,10060574
139,2022-04-19,306319.0,79560.7,113779.0,90203.0,2129761.4,54551.0,7286399.9,2274515.4,88521.4579963525,7191.1734932485115,13411.840708866177,7593.571676095512,191282.74296820402,2810.0933792313735,248173.6065134445,201686.4080235309,10060574
140,2022-04-20,309009.1,80593.5,115083.1,90779.1,2136342.5,54551.0,7274215.7,2281672.6,90227.15491519168,7343.873926613936,13497.501260974197,7731.417366175493,190771.68421505849,2810.0933792313735,249198.86858854318,201313.19496046536,10060574
141,2022-04-21,311694.9,81614.2,116442.3,91338.5,2142989.9,54551.0,7261943.2,2288879.4,91776.18888192078,7522.544487073506,13589.822243502673,7830.382062837037,190215.48710893653,2810.0933792313735,250202.71255396094,200855.96255100495,10060574
142,2022-04-22,314442.5,82583.0,117741.2,92070.3,2149623.4,54551.0,7249562.6,2296244.6999999997,93380.05079914018,7683.52110688843,13673.265087754278,7958.407228208418,189699.2574388208,2810.0933792313735,251195.70309430058,200467.75804626057,10060574
143,2022-04-23,317149.4,83602.3,119078.4,92732.9,2156354.8,54551.0,7237105.2,2303638.6999999997,94960.77854272256,7899.411598973686,13683.204852665183,8118.063777157703,189136.17708455463,2810.0933792313735,252242.73527132548,200064.33424094372,10060574
144,2022-04-24,319783.7,84572.5,120453.2,93437.9,2163156.1,54551.0,7224619.6,2311145.0,96624.54672085143,7991.930270591705,13701.154468146107,8228.040476930093,188562.8698654377,2810.0933792313735,253327.78105419074,199601.00372159918,10060574
145,2022-04-25,322492.5,85647.5,121907.7,94148.1,2170331.9,54551.0,7211495.3,2319031.0,98211.88148309756,8207.356154694397,13733.531439873723,8373.398168605145,188007.2953602865,2810.0933792313735,254473.1906013087,199190.786908123,10060574
146,2022-04-26,325053.6,86628.6,123363.5,94932.3,2177212.0,54551.0,7198833.0,2326695.3,99709.21442594963,8476.370109899637,13744.104432446662,8403.711383073554,187390.57112085444,2810.0933792313735,255518.41563026333,198604.37588315937,10060574
147,2022-04-27,327578.5,87554.0,124817.6,95721.4,2184179.2,54551.0,7186172.3,2334451.6,101306.25727984427,8638.655277298662,13734.000707732615,8503.795084549016,186827.79585960973,2810.0933792313735,256651.9439084964,198141.68432339013,10060574
148,2022-04-28,330128.2,88586.0,126200.7,96588.0,2191157.8,54551.0,7173362.3,2342296.8,102803.71106511672,8833.918100141069,13703.624418744115,8559.038602553443,186232.11975156167,2810.0933792313735,257809.6874010168,197601.2517333465,10060574
149,2022-04-29,332684.2,89603.8,127650.6,97354.4,2198275.3,54551.0,7160454.7,2350180.6999999997,104361.54020979184,9032.878509091108,13720.971366488599,8563.691285888346,185610.68452115037,2810.0933792313735,259020.9945973685,196984.4691862701,10060574
150,2022-04-30,335112.6,90610.4,129139.4,98176.7,2205456.6,54551.0,7147527.3,2358184.3000000003,105929.29822782741,9292.853342219492,13657.964015181766,8614.518129878188,185002.81256791746,2810.0933792313735,260227.1493222988,196427.424077027,10060574
151,2022-05-01,337599.4,91495.4,130649.2,98992.7,2212719.3,54551.0,7134567.0,2366263.0,107343.91213496924,9542.98810855384,13617.677708038182,8660.91024142382,184409.72044827245,2810.0933792313735,261387.38917246944,195880.72406892764,10060574
152,2022-05-02,340122.9,92394.4,132102.8,99939.4,2219996.8,54551.0,7121466.7,2374487.1999999997,108747.16905690005,9857.670943990775,13546.693772282593,8727.899176777879,183787.99365562486,2810.0933792313735,262598.0513309457,195325.98621163412,10060574
153,2022-05-03,342642.1,93378.0,133620.8,100890.7,2227687.4,54551.0,7107804.0,2383129.1,110192.61621583364,10248.075448590336,13492.023738490827,8790.065153910977,183185.12398838505,2810.0933792313735,263869.0118949173,194785.2825215274,10060574
154,2022-05-04,345043.0,94257.4,135136.8,101786.1,2235168.1,54551.0,7094631.6,2391505.2,111646.58285411158,10635.177536835012,13475.93060088987,8811.691375099335,182584.43440197743,2810.0933792313735,265148.7061968057,194206.21915630813,10060574
155,2022-05-05,347486.8,95165.6,136564.9,102764.4,2242681.3,54551.0,7081360.0,2399996.6999999997,113032.21214043366,10958.569744268638,13353.527814401705,8856.244104585194,181967.13281801745,2810.0933792313735,266385.00024062913,193633.47030183402,10060574
156,2022-05-06,349893.9,96004.7,138063.7,103767.4,2250251.0,54551.0,7068042.3,2408569.4,114339.00680559545,11306.937614137614,13308.412632992711,8812.882799629188,181320.76852418203,2810.0933792313735,267596.7207082516,192943.74470304258,10060574
157,2022-05-07,352329.3,96845.9,139537.6,104796.3,2257892.6,54551.0,7054621.3,2417239.9,115544.92003030684,11682.46502626907,13127.160532270489,8788.994186481183,180666.0449676142,2810.0933792313735,268809.93122020253,192265.13253332675,10060574
158,2022-05-08,354765.9,97635.1,140947.9,105873.3,2265612.5,54551.0,7041188.3,2426036.8,116831.13204060808,12068.654676060625,12916.686629705004,8777.666569766705,180051.87837134607,2810.0933792313735,270106.33045489696,191639.63832034415,10060574
159,2022-05-09,357207.4,98466.2,142361.3,106900.9,2273432.5,54551.0,7027654.7,2434884.4,118159.13084751429,12411.411263832973,12812.098360924334,8759.444690732398,179447.08166824558,2810.0933792313735,271502.75922135677,191016.61973820935,10060574
160,2022-05-10,359679.6,99210.7,143819.2,107878.8,2281357.0,54551.0,7014077.7,2443786.8,119237.82783009761,12852.089954945071,12631.96617949874,8787.74869690753,178852.36120890325,2810.0933792313735,272800.142571462,190450.20328504217,10060574
161,2022-05-11,362293.1,99942.6,145227.1,109033.6,2289655.9,54551.0,6999870.7,2453240.5,120534.26689323664,13243.407274564957,12473.395114803347,8759.563861288985,178255.47969162127,2810.0933792313735,274226.7119870163,189825.1369321416,10060574
162,2022-05-12,364747.3,100674.5,146567.7,110138.8,2297698.5,54551.0,6986196.2,2462388.3,121712.2780561189,13652.504511993395,12389.629801168396,8596.299445691733,177612.89978616417,2810.0933792313735,275574.8377017757,189019.29261108726,10060574
163,2022-05-13,367132.0,101453.8,147916.0,111192.1,2305865.6,54551.0,6972463.5,2471608.7,122849.75027325045,13982.703363799148,12183.344844499805,8540.021082526671,177050.23562830975,2810.0933792313735,276893.0149791612,188400.3500900678,10060574
164,2022-05-14,369662.7,102106.3,149366.3,112164.1,2314119.0,54551.0,6958604.6,2480834.1,123989.25822429135,14371.326035199398,12035.993918659147,8453.232818868768,176451.10892709062,2810.0933792313735,278222.68256567436,187714.43512519076,10060574
165,2022-05-15,372174.2,102684.7,150769.8,113233.9,2322432.4,54551.0,6944728.0,2490217.3,125047.5333125768,14646.749168672206,11893.803965090394,8342.053949118286,175867.5813941842,2810.0933792313735,279490.45321549,187019.72872253385,10060574
166,2022-05-16,374756.1,103192.3,152163.9,114271.6,2330848.8,54551.0,6930790.3,2499671.4,126048.37231035552,15085.339804260291,11753.04865513625,8202.791795480367,175305.91457323966,2810.0933792313735,280840.05535217014,186318.7997479514,10060574
167,2022-05-17,377357.0,103693.6,153540.7,115351.4,2339291.2,54551.0,6916789.1,2509193.6,127040.05453478049,15542.3014331855,11520.257462834761,8152.10939818646,174771.251310277,2810.0933792313735,282264.80189936893,185733.45408769484,10060574
168,2022-05-18,379867.3,104282.4,154824.3,116474.4,2347785.7,54551.0,6902788.9,2518811.1,128091.42085795596,15830.829038303711,11304.699669164149,8048.503093122347,174255.75326286934,2810.0933792313735,283679.49989466986,185114.34973522308,10060574
169,2022-05-19,382658.0,104758.1,156169.9,117579.3,2356817.7,54551.0,6888040.0,2528948.0,129188.16265741996,16311.803538848795,11085.202104156695,8037.012455508577,173720.91678727118,2810.0933792313735,285274.43886089756,184568.02262201114,10060574
170,2022-05-20,385370.5,105205.4,157353.8,118685.2,2365507.6,54551.0,6873900.5,2538743.8000000003,130176.02049398345,16744.05650492138,10950.820131844006,7917.71513506264,173190.9475193204,2810.0933792313735,286692.2587072242,183918.75603361442,10060574
171,2022-05-21,388092.6,105678.3,158537.6,119728.9,2374321.9,54551.0,6859663.7,2548601.8,131158.51119176368,17097.337711175973,10748.489030556808,7716.118991436045,172659.01313887438,2810.0933792313735,288189.4769133842,183185.2255095418,10060574
172,2022-05-22,390870.1,106054.6,159737.2,120699.9,2383255.5,54551.0,6845405.7,2558506.4,132076.06437538183,17487.37271976554,10537.491511740354,7581.192788077613,172160.33278153828,2810.0933792313735,289692.61295209103,182551.61894884726,10060574
173,2022-05-23,393752.1,106426.3,160815.9,121728.1,2392251.0,54551.0,6831049.6,2568530.1,133048.90535697766,17906.896978817964,10315.398009286893,7482.316184845438,171689.57325359044,2810.0933792313735,291240.2744605217,181981.98281766725,10060574
174,2022-05-24,396629.9,106772.9,161903.3,122756.6,2401266.9,54551.0,6816693.4,2578574.5,133805.31678408745,18295.838693265745,10090.850866502786,7402.382389474351,171221.48297421675,2810.0933792313735,292648.22601929435,181433.95874292246,10060574
175,2022-05-25,399564.6,107072.8,162911.2,123796.4,2410367.7,54551.0,6802310.3,2588715.1,134641.38601499912,18686.274560757156,9873.325557278054,7327.490391668896,170824.3696818753,2810.0933792313735,294129.6301741972,180961.95345277557,10060574
176,2022-05-26,402679.6,107278.0,163902.3,124769.1,2419601.2,54551.0,6787792.8,2598921.3000000003,135534.58457028598,19030.936172453527,9739.815902264272,7138.332444625986,170407.11307912003,2810.0933792313735,295639.34400678135,180355.5389029774,10060574
177,2022-05-27,405942.7,107557.4,164809.3,125856.1,2429230.1,54551.0,6772627.4,2609637.2,136354.83182714868,19479.37197242252,9635.472038774229,7062.671030849448,170023.7731774295,2810.0933792313735,297214.05748557724,179896.53758751033,10060574
178,2022-05-28,409063.1,107715.4,165705.7,126849.6,2438572.6,54551.0,6758116.6,2619973.2,137062.9301718375,19831.431603391622,9445.515952556536,6972.4998845464315,169605.13119313342,2810.0933792313735,298745.15291672933,179387.72445691124,10060574
179,2022-05-29,412363.4,107798.4,166587.5,127814.7,2447991.7,54551.0,6743467.3,2630357.4000000004,137670.02209791352,20231.88976937152,9380.527184012633,6815.24137576946,169214.1193671793,2810.0933792313735,300216.0602489647,178839.45412218012,10060574
180,2022-05-30,415778.3,107827.1,167412.8,128730.1,2457509.9,54551.0,6728764.8,2640791.0,138370.42694524722,20564.95655939978,9281.314398295102,6735.389438629366,168898.18514208493,2810.0933792313735,301732.130269814,178443.66795994565,10060574
