Date,Confirmed,Deaths,Recovered,people_vaccinated,NewCases,temperature,Active
2021-12-01,935047.0,34396.0,868430.0,8236002.0,2503.0,5.1684857477927455,32221.0
2021-12-02,937667.0,34413.0,868577.0,8239794.0,2620.0,5.202568952920178,34677.0
2021-12-03,940476.0,34428.0,870664.0,8243555.0,2809.0,4.331252500512408,35384.0
2021-12-04,943466.0,34447.0,872025.0,8247245.0,2990.0,3.332512943499954,36994.0
2021-12-05,946094.0,34455.0,872791.0,8249686.0,2628.0,3.198349617112487,38848.0
2021-12-06,947099.0,34470.0,873008.0,8254630.0,1005.0,2.317262879839018,39621.0
2021-12-07,949882.0,34479.0,875277.0,8259196.0,2783.0,2.868490308619063,40126.0
2021-12-08,953255.0,34504.0,876398.0,8261431.0,3373.0,2.189174813942307,42353.0
2021-12-09,954741.0,34524.0,877139.0,8265665.0,1486.0,1.6102217252328137,43078.0
2021-12-10,958215.0,34545.0,879556.0,8270193.0,3474.0,0.6037929532705936,44114.0
2021-12-11,962239.0,34566.0,880723.0,8274096.0,4024.0,2.6837905212873947,46950.0
2021-12-12,965517.0,34576.0,881680.0,8276495.0,3278.0,3.2574659598350157,49261.0
2021-12-13,966856.0,34599.0,882090.0,8280651.0,1339.0,4.470974368359807,50167.0
2021-12-14,970686.0,34619.0,885346.0,8284964.0,3830.0,3.54379863071804,50721.0
2021-12-15,975451.0,34648.0,888168.0,8288542.0,4765.0,3.5049461835650284,52635.0
2021-12-16,980755.0,34668.0,890159.0,8295891.0,5304.0,2.4872191033668027,55928.0
2021-12-17,986345.0,34694.0,892738.0,8302986.0,5590.0,2.170337700093912,58913.0
2021-12-18,992464.0,34718.0,894629.0,8314202.0,6119.0,1.2806810049639692,63117.0
2021-12-19,997861.0,34736.0,895457.0,8325218.0,5397.0,1.661333882940568,67668.0
2021-12-20,1000437.0,34776.0,895837.0,8332921.0,2576.0,3.25944778747446,69824.0
2021-12-21,1008729.0,34793.0,899420.0,8340342.0,8292.0,3.853909104624008,74516.0
2021-12-22,1019298.0,34814.0,902654.0,8348040.0,10569.0,2.5303556906726805,81830.0
2021-12-23,1032211.0,34859.0,902819.0,8356754.0,12913.0,0.8994782755547093,94533.0
2021-12-24,1048255.0,34887.0,910417.0,8360011.0,16044.0,2.8797048326283994,102951.0
2021-12-25,1065617.0,34925.0,914011.0,8360282.0,17362.0,4.013036302489406,116681.0
2021-12-26,1070198.0,34940.0,915271.0,8364981.0,4581.0,4.242939688755315,119987.0
2021-12-27,1075263.0,34952.0,916431.0,8374299.0,5065.0,5.245026707869537,123880.0
2021-12-28,1104058.0,34980.0,918887.0,8383689.0,28795.0,5.719842011513172,150191.0
2021-12-29,1136754.0,35008.0,923089.0,8393370.0,32696.0,5.298153445841375,178657.0
2021-12-30,1175906.0,35044.0,925708.0,8402697.0,39152.0,5.414273478743617,215154.0
2021-12-31,1217364.0,35081.0,929903.0,8406826.0,41458.0,4.7018607084319655,252380.0
2022-01-01,1254634.0,35095.0,934642.0,8407974.0,37270.0,5.09515292400849,284897.0
2022-01-02,1265059.0,35140.0,937826.0,8417270.0,10425.0,4.375324945618201,292093.0
2022-01-03,1278480.0,35159.0,939459.0,8427329.0,13421.0,5.021937307266593,303862.0
2022-01-04,1328584.0,35193.0,949429.0,8437825.0,50104.0,6.630496967575062,343962.0
2022-01-05,1380171.0,35240.0,953486.0,8447300.0,51587.0,6.728859831972406,391445.0
2022-01-06,1432864.0,35286.0,966009.0,8453290.0,52693.0,3.914413459760183,431569.0
2022-01-07,1451531.0,35345.0,971631.0,8463682.0,18667.0,1.3602553941611069,444555.0
2022-01-08,1500339.0,35365.0,988982.0,8476860.0,48808.0,1.3394668194879102,475992.0
2022-01-09,1537197.0,35403.0,992666.0,8488195.0,36858.0,1.7497427725521502,509128.0
2022-01-10,1554778.0,35464.0,1000102.0,8498606.0,17581.0,1.61449862333731,519212.0
2022-01-11,1600333.0,35519.0,1021233.0,8509962.0,45555.0,2.4156249928568703,543581.0
2022-01-12,1641383.0,35610.0,1055277.0,8520553.0,41050.0,1.21400234473168,550496.0
2022-01-13,1681066.0,35662.0,1067147.0,8530429.0,39683.0,0.7294776677056213,578257.0
2022-01-14,1714922.0,35777.0,1123441.0,8540546.0,33856.0,2.5340543941441416,555704.0
2022-01-15,1748171.0,35854.0,1165504.0,8556908.0,33249.0,4.275426131635903,546813.0
2022-01-16,1774944.0,35911.0,1180582.0,8570287.0,26773.0,3.624991788911305,558451.0
2022-01-17,1784827.0,35992.0,1203382.0,8578367.0,9883.0,6.216171782868262,545453.0
2022-01-18,1822650.0,36056.0,1291938.0,8586749.0,37823.0,5.065664147447634,494656.0
2022-01-19,1859883.0,36126.0,1324364.0,8594186.0,37233.0,3.008934636704358,499393.0
2022-01-20,1893559.0,36257.0,1338495.0,8600667.0,33676.0,3.778413806583507,518807.0
2022-01-21,1926236.0,36378.0,1382906.0,8607357.0,32677.0,2.738875750704307,506952.0
2022-01-22,1957400.0,36460.0,1437392.0,8618092.0,31164.0,2.4801937027251872,483548.0
2022-01-23,1979100.0,36527.0,1477358.0,8626408.0,21700.0,2.5671000810289843,465215.0
2022-01-24,1987944.0,36614.0,1500160.0,8632104.0,8844.0,1.4423419944827398,451170.0
2022-01-25,2016316.0,36684.0,1553937.0,8637565.0,28372.0,2.345687615078225,425695.0
2022-01-26,2044124.0,36758.0,1563863.0,8642575.0,27808.0,2.6618562234870664,443503.0
2022-01-27,2069222.0,36881.0,1612662.0,8647391.0,25098.0,2.702643408340604,419679.0
2022-01-28,2090551.0,36958.0,1646850.0,8652848.0,21329.0,5.291746687599701,406743.0
2022-01-29,2109106.0,37046.0,1669968.0,8663589.0,18555.0,4.251958328068087,402092.0
2022-01-30,2123664.0,37108.0,1699266.0,8671531.0,14558.0,6.778277536661975,387290.0
2022-01-31,2129081.0,37184.0,1719756.0,8675905.0,5417.0,5.16264212758739,372141.0
2022-02-01,2148470.0,37241.0,1766397.0,8679495.0,19389.0,7.659842146034114,344832.0
2022-02-02,2164568.0,37291.0,1779717.0,8682570.0,16098.0,9.190990789375553,347560.0
2022-02-03,2179557.0,37416.0,1821799.0,8685146.0,14989.0,7.297241347751677,320342.0
2022-02-04,2190897.0,37493.0,1848243.0,8688183.0,11340.0,6.0785963017096245,305161.0
2022-02-05,2202033.0,37569.0,1873313.0,8694342.0,11136.0,5.231033087619438,291151.0
2022-02-06,2210403.0,37643.0,1897174.0,8698022.0,8370.0,4.334662364516621,275586.0
2022-02-07,2213519.0,37713.0,1921433.0,8700328.0,3116.0,6.672419401933486,254373.0
2022-02-08,2225713.0,37763.0,1949181.0,8702407.0,12194.0,5.431647851853755,238769.0
2022-02-09,2235087.0,37792.0,1961329.0,8704098.0,9374.0,5.792727010319339,235966.0
2022-02-10,2243482.0,37867.0,1987696.0,8705725.0,8395.0,6.230510398014073,217919.0
2022-02-11,2250581.0,37927.0,2009140.0,8707596.0,7099.0,7.422680664433184,203514.0
2022-02-12,2257097.0,37972.0,2027276.0,8710980.0,6516.0,4.951144100965327,191849.0
2022-02-13,2262344.0,37999.0,2039724.0,8712691.0,5247.0,3.359948743675945,184621.0
2022-02-14,2264326.0,38076.0,2052519.0,8713704.0,1982.0,3.4303642198102757,173731.0
2022-02-15,2272083.0,38109.0,2070835.0,8714765.0,7757.0,2.5659491484002506,163139.0
2022-02-16,2278047.0,38127.0,2077638.0,8715759.0,5964.0,3.7760117804822086,162282.0
2022-02-17,2284163.0,38178.0,2093196.0,8716573.0,6116.0,6.694344751190627,152789.0
2022-02-18,2289576.0,38237.0,2102814.0,8717643.0,5413.0,6.983166853582527,148525.0
2022-02-19,2294807.0,38286.0,2115299.0,8719138.0,5231.0,8.047506248859145,141222.0
2022-02-20,2299110.0,38315.0,2123054.0,8719890.0,4303.0,8.014190546915227,137741.0
2022-02-21,2300914.0,38352.0,2126913.0,8720663.0,1804.0,8.557159801202106,135649.0
2022-02-22,2308060.0,38405.0,2138828.0,8721331.0,7146.0,9.24091091202974,130827.0
2022-02-23,2313594.0,38423.0,2145120.0,8722005.0,5534.0,8.365971898708068,130051.0
2022-02-24,2318833.0,38468.0,2155732.0,8722570.0,5239.0,7.441897154629283,124633.0
2022-02-25,2323432.0,38518.0,2161222.0,8723237.0,4599.0,7.647870001054404,123692.0
2022-02-26,2327840.0,38537.0,2167370.0,8724248.0,4408.0,6.337992996287103,121933.0
2022-02-27,2331172.0,38580.0,2172434.0,8724689.0,3332.0,4.4582339520185466,120158.0
2022-02-28,2332560.0,38603.0,2175665.0,8725579.0,1388.0,5.218020318930132,118292.0
2022-03-01,2338306.0,38631.0,2185349.0,8726506.0,5746.0,4.817691853549986,114326.0
2022-03-02,2343019.0,38654.0,2187983.0,8727220.0,4713.0,4.669904429954627,116382.0
2022-03-03,2347405.0,38689.0,2193784.0,8727838.0,4386.0,7.091076862738677,114932.0
2022-03-04,2351731.0,38726.0,2201259.0,8728451.0,4326.0,6.546788047805538,111746.0
2022-03-05,2355997.0,38758.0,2205544.0,8729311.0,4266.0,4.961790875220491,111695.0
2022-03-06,2359624.0,38792.0,2210014.0,8729545.0,3627.0,4.208340493386853,110818.0
2022-03-07,2361238.0,38822.0,2212392.0,8729965.0,1614.0,3.576013080872958,110024.0
2022-03-08,2367735.0,38831.0,2217310.0,8730373.0,6497.0,3.2472167635068616,111594.0
2022-03-09,2373318.0,38845.0,2220257.0,8730810.0,5583.0,4.3182682917689466,114216.0
2022-03-10,2379131.0,38870.0,2228627.0,8731270.0,5813.0,6.24613318433404,111634.0
2022-03-11,2384992.0,38889.0,2234053.0,8731888.0,5861.0,6.736007354464646,112050.0
2022-03-12,2390493.0,38921.0,2236082.0,8732651.0,5501.0,5.311508930668418,115490.0
2022-03-13,2395284.0,38939.0,2240556.0,8732967.0,4791.0,5.433629113454387,115789.0
2022-03-14,2397620.0,38952.0,2241953.0,8733455.0,2336.0,8.352743072577278,116715.0
2022-03-15,2407160.0,38966.0,2248293.0,8733875.0,9540.0,9.05186853300196,119901.0
2022-03-16,2415343.0,38977.0,2251541.0,8734297.0,8183.0,10.826556130834136,124825.0
2022-03-17,2424013.0,39000.0,2257276.0,8734733.0,8670.0,10.658781587292246,127737.0
2022-03-18,2432568.0,39026.0,2261729.0,8735253.0,8555.0,10.022700871786643,131813.0
2022-03-19,2440620.0,39043.0,2265317.0,8735923.0,8052.0,8.795344522606925,136260.0
2022-03-20,2446991.0,39060.0,2269096.0,8736123.0,6371.0,7.722560256935947,138835.0
2022-03-21,2449535.0,39075.0,2271313.0,8736565.0,2544.0,7.752445817170805,139147.0
2022-03-22,2460913.0,39092.0,2280268.0,8736895.0,11378.0,7.878097668781205,141553.0
2022-03-23,2470119.0,39107.0,2283121.0,8737244.0,9206.0,10.089781965745932,147891.0
2022-03-24,2479419.0,39141.0,2289034.0,8737587.0,9300.0,11.75365415457544,151244.0
2022-03-25,2488096.0,39162.0,2295547.0,8737943.0,8677.0,11.93881985689858,153387.0
2022-03-26,2496628.0,39175.0,2304233.0,8738517.0,8532.0,12.167137909341474,153220.0
2022-03-27,2503411.0,39189.0,2309919.0,8738729.0,6783.0,12.878907977908447,154303.0
2022-03-28,2506129.0,39197.0,2313346.0,8739015.0,2718.0,12.868512066750444,153586.0
2022-03-29,2518647.0,39218.0,2325014.0,8739321.0,12518.0,11.932736848553462,154415.0
2022-03-30,2528126.0,39241.0,2327884.0,8739669.0,9479.0,9.587041634859238,161001.0
2022-03-31,2537267.0,39261.0,2339085.0,8739963.0,9141.0,10.364598278660113,158921.0
2022-04-01,2546320.0,39268.0,2346496.0,8740247.0,9053.0,8.772454460057268,160556.0
2022-04-02,2555102.0,39280.0,2352187.0,8740696.0,8782.0,6.318781796716787,163635.0
2022-04-03,2561473.0,39315.0,2355504.0,8740840.0,6371.0,6.306536314764235,166654.0
2022-04-04,2563985.0,39329.0,2359074.0,8741064.0,2512.0,7.352519750886314,165582.0
2022-04-05,2575651.0,39347.0,2374269.0,8741280.0,11666.0,9.658134777955103,162035.0
2022-04-06,2584745.0,39359.0,2379353.0,8741524.0,9094.0,11.016942494083532,166033.0
2022-04-07,2594113.0,39388.0,2389900.0,8741723.0,9368.0,12.09708859316655,164825.0
2022-04-08,2602794.0,39423.0,2395936.0,8741947.0,8681.0,14.026867651245718,167435.0
2022-04-09,2611334.0,39440.0,2407424.0,8742316.0,8540.0,11.791807894798804,164470.0
2022-04-10,2617945.0,39461.0,2411507.0,8742464.0,6611.0,9.289046712074464,166977.0
2022-04-11,2620505.0,39474.0,2415559.0,8742680.0,2560.0,11.085896383066112,165472.0
2022-04-12,2632174.0,39500.0,2430406.0,8742862.0,11669.0,12.471750469702997,162268.0
2022-04-13,2640897.0,39515.0,2436124.0,8743101.0,8723.0,13.94502601287055,165258.0
2022-04-14,2649677.0,39540.0,2444470.0,8743361.0,8780.0,15.346968993664424,165667.0
2022-04-15,2657775.0,39563.0,2456240.0,8743550.0,8098.0,16.759150067696595,161972.0
2022-04-16,2666373.0,39597.0,2459893.0,8743771.0,8598.0,16.183142716930018,166883.0
2022-04-17,2672602.0,39626.0,2464894.0,8743775.0,6229.0,12.598448445389826,168082.0
2022-04-18,2674216.0,39654.0,2474365.0,8743795.0,1614.0,12.56835003991324,160197.0
2022-04-19,2676545.0,39658.0,2477871.0,8744046.0,2329.0,13.489322030151468,159016.0
2022-04-20,2690610.0,39682.0,2490531.0,8744259.0,14065.0,12.189996925083973,160397.0
2022-04-21,2700288.0,39712.0,2494869.0,8744431.0,9678.0,11.428626372403878,165707.0
2022-04-22,2709483.0,39748.0,2510886.0,8744656.0,9195.0,12.472353577974747,158849.0
2022-04-23,2717998.0,39791.0,2518005.0,8745019.0,8515.0,12.510564916687205,160202.0
2022-04-24,2723970.0,39814.0,2524080.0,8745112.0,5972.0,10.79233765611949,160076.0
2022-04-25,2726329.0,39832.0,2529088.0,8745139.0,2359.0,12.954503619110664,157409.0
2022-04-26,2729044.0,39854.0,2532084.0,8745331.0,2715.0,13.082484720217993,157106.0
2022-04-27,2742154.0,39880.0,2544938.0,8745518.0,13110.0,14.128453611664296,157336.0
2022-04-28,2750788.0,39889.0,2549522.0,8745655.0,8634.0,15.519114787598982,161377.0
2022-04-29,2758419.0,39915.0,2561365.0,8745878.0,7631.0,15.828717271685743,157139.0
2022-04-30,2765392.0,39935.0,2571992.0,8746212.0,6973.0,15.307252658021827,153465.0
2022-05-01,2770646.0,39980.0,2574240.0,8746236.0,5254.0,15.292937005261336,156426.0
2022-05-02,2772319.0,40011.0,2581120.0,8746388.0,1673.0,15.523294373928596,151188.0
2022-05-03,2781909.0,40033.0,2590438.0,8746517.0,9590.0,16.171270326758904,151438.0
2022-05-04,2788380.0,40043.0,2593811.0,8746728.0,6471.0,15.538266068513725,154526.0
2022-05-05,2794742.0,40065.0,2606823.0,8746868.0,6362.0,14.089146839210082,147854.0
2022-05-06,2800489.0,40094.0,2613655.0,8747018.0,5747.0,13.248653453127956,146740.0
2022-05-07,2805793.0,40109.0,2620384.0,8747273.0,5304.0,14.904624255837197,145300.0
2022-05-08,2807778.0,40131.0,2623262.0,8747398.0,1985.0,16.155278715812702,144385.0
2022-05-09,2810129.0,40152.0,2626281.0,8747520.0,2351.0,17.91254336061012,143696.0
2022-05-10,2819610.0,40186.0,2635044.0,8747679.0,9481.0,19.341371061875964,144380.0
2022-05-11,2825767.0,40198.0,2637921.0,8747828.0,6157.0,20.705942926891304,147648.0
2022-05-12,2831859.0,40222.0,2655228.0,8747951.0,6092.0,21.060752665827422,136409.0
2022-05-13,2837206.0,40242.0,2661173.0,8748117.0,5347.0,21.090062547106683,135791.0
2022-05-14,2842188.0,40263.0,2667718.0,8748412.0,4982.0,21.6608325184298,134207.0
2022-05-15,2845587.0,40286.0,2670795.0,8748548.0,3399.0,22.01881326539807,134506.0
2022-05-16,2847027.0,40305.0,2673751.0,8748676.0,1440.0,22.211543727210916,132971.0
2022-05-17,2853990.0,40331.0,2683800.0,8748842.0,6963.0,22.852100828383332,129859.0
2022-05-18,2858315.0,40342.0,2687117.0,8749028.0,4325.0,23.08797903010317,130856.0
2022-05-19,2862295.0,40369.0,2696014.0,8749138.0,3980.0,22.44816323923211,125912.0
2022-05-20,2865834.0,40384.0,2700990.0,8749256.0,3539.0,23.743440190331214,124460.0
2022-05-21,2869121.0,40408.0,2705261.0,8749476.0,3287.0,24.394269210029577,123452.0
2022-05-22,2871397.0,40412.0,2705332.0,8749555.0,2276.0,23.98640328235869,125653.0
2022-05-23,2872369.0,40416.0,2711280.0,8749669.0,972.0,23.69505454350865,120673.0
2022-05-24,2876699.0,40422.0,2719316.0,8749797.0,4330.0,21.04857558846169,116961.0
2022-05-25,2879573.0,40453.0,2721011.0,8749930.0,2874.0,19.855803004875938,118109.0
2022-05-26,2882315.0,40480.0,2731305.0,8750034.0,2742.0,21.582526788943344,110530.0
2022-05-27,2884764.0,40501.0,2735142.0,8750158.0,2449.0,23.788700531088136,109121.0
2022-05-28,2887124.0,40515.0,2740669.0,8750367.0,2360.0,21.830217809383257,105940.0
2022-05-29,2888891.0,40524.0,2742618.0,8750447.0,1767.0,15.144754800357063,105749.0
2022-05-30,2889641.0,40541.0,2744272.0,8750560.0,750.0,15.97316952151184,104828.0
2022-05-31,2892931.0,40547.0,2752537.0,8750670.0,3290.0,18.60740116869473,99847.0
2022-06-01,2895171.0,40552.0,2754085.0,8750823.0,2240.0,20.577090386473557,100534.0
2022-06-02,2897532.0,40569.0,2758704.0,8750831.0,2361.0,22.63667330567566,98259.0
2022-06-03,2898222.0,40575.0,2759944.0,8750941.0,690.0,20.710689418774688,97703.0
2022-06-04,2901321.0,40586.0,2764041.0,8751095.0,3099.0,23.249515179811823,96694.0
2022-06-05,2903177.0,40588.0,2765281.0,8751097.0,1856.0,23.07680877389938,97308.0
2022-06-06,2904070.0,40601.0,2766784.0,8751188.0,893.0,22.50288092015028,96685.0
2022-06-07,2908561.0,40609.0,2770272.0,8751311.0,4491.0,20.555651951164705,97680.0
2022-06-08,2911719.0,40614.0,2773688.0,8751448.0,3158.0,19.70988010343352,97417.0
2022-06-09,2914992.0,40636.0,2777296.0,8751557.0,3273.0,19.99000890006298,97060.0
2022-06-10,2918124.0,40647.0,2784720.0,8751670.0,3132.0,21.83210814852032,92757.0
2022-06-11,2921212.0,40658.0,2791842.0,8751881.0,3088.0,22.96274312666852,88712.0
2022-06-12,2923580.0,40670.0,2797562.0,8751881.0,2368.0,24.83739048710825,85348.0
2022-06-13,2924839.0,40676.0,2803584.0,8751969.0,1259.0,25.357350296336744,80579.0
2022-06-14,2931043.0,40691.0,2815324.0,8752084.0,6204.0,24.77892778554084,75028.0
2022-06-15,2935715.0,40691.0,2824599.0,8752213.0,4672.0,25.28857335189708,70425.0
2022-06-16,2941153.0,40698.0,2833469.0,8752329.0,5438.0,26.69960436201632,66986.0
2022-06-17,2946162.0,40704.0,2841815.0,8752420.0,5009.0,27.047129655585387,63643.0
2022-06-18,2951460.0,40711.0,2851923.0,8752565.0,5298.0,26.884316854993124,58826.0
2022-06-19,2955713.0,40715.0,2854683.0,8752582.0,4253.0,27.473303435660284,60315.0
2022-06-20,2957633.0,40727.0,2859790.0,8752675.0,1920.0,27.566175541589057,57116.0
2022-06-21,2967533.0,40736.0,2866211.0,8752774.0,9900.0,26.37799777163977,60586.0
2022-06-22,2976834.0,40738.0,2869231.0,8752919.0,9301.0,23.61383595100944,66865.0
2022-06-23,2985341.0,40753.0,2871145.0,8753013.0,8507.0,23.795619923229644,73443.0
2022-06-24,2993643.0,40761.0,2875646.0,8753131.0,8302.0,22.18969924229072,77236.0
2022-06-25,3001758.0,40773.0,2879107.0,8753344.0,8115.0,22.964630553027742,81878.0
2022-06-26,3008699.0,40787.0,2880822.0,8753367.0,6941.0,25.160900941148213,87090.0
2022-06-27,3011742.0,40798.0,2882350.0,8753477.0,3043.0,26.86207335022807,88594.0
2022-06-28,3014117.0,40807.0,2891340.0,8753588.0,2375.0,22.96040780794112,81970.0
2022-06-29,3039249.0,40816.0,2894772.0,8753748.0,25132.0,24.36308661706636,103661.0
2022-06-30,3051331.0,40829.0,2895978.0,8753857.0,12082.0,24.987035443438632,114524.0
2022-07-01,3062906.0,40844.0,2906339.0,8753961.0,11575.0,24.268471179843843,115723.0
2022-07-02,3074533.0,40852.0,2916795.0,8754125.0,11627.0,25.543464912191112,116886.0
2022-07-03,3083075.0,40875.0,2916917.0,8754125.0,8542.0,27.886149694776957,125283.0
2022-07-04,3086324.0,40879.0,2921503.0,8754233.0,3249.0,25.04790241045817,123942.0
2022-07-05,3105361.0,40886.0,2935695.0,8754328.0,19037.0,25.87103419645357,128780.0
2022-07-06,3119042.0,40898.0,2938203.0,8754444.0,13681.0,25.169627871973464,139941.0
2022-07-07,3132637.0,40915.0,2951961.0,8754525.0,13595.0,24.906164889071995,139761.0
2022-07-08,3145145.0,40923.0,2960906.0,8754622.0,12508.0,24.477877828583583,143316.0
2022-07-09,3157791.0,40952.0,2970102.0,8754782.0,12646.0,24.12938270418295,146737.0
2022-07-10,3167086.0,40957.0,2972934.0,8754811.0,9295.0,25.406700856490403,153195.0
2022-07-11,3170752.0,40988.0,2977390.0,8754925.0,3666.0,25.47838830451856,152374.0
2022-07-12,3190953.0,41003.0,2995354.0,8755036.0,20201.0,25.393324054089867,154596.0
2022-07-13,3206138.0,41017.0,3001086.0,8755171.0,15185.0,25.72191664774936,164035.0
2022-07-14,3220567.0,41046.0,3014545.0,8755274.0,14429.0,27.43012674386101,164976.0
2022-07-15,3233568.0,41073.0,3030472.0,8755419.0,13001.0,28.564247127163792,162023.0
2022-07-16,3245496.0,41103.0,3037913.0,8755585.0,11928.0,28.020060238663632,166480.0
2022-07-17,3254467.0,41130.0,3042637.0,8755601.0,8971.0,27.736062695641944,170700.0
2022-07-18,3257729.0,41142.0,3050882.0,8755685.0,3262.0,27.893814379233344,165705.0
2022-07-19,3275909.0,41170.0,3077558.0,8755781.0,18180.0,28.051907812785142,157181.0
2022-07-20,3287127.0,41185.0,3081248.0,8755866.0,11218.0,29.246615071793297,164694.0
2022-07-21,3297973.0,41227.0,3097182.0,8756001.0,10846.0,29.24541403252275,159564.0
2022-07-22,3306888.0,41258.0,3107154.0,8756065.0,8915.0,29.51557596443953,158476.0
2022-07-23,3315563.0,41292.0,3119647.0,8756200.0,8675.0,27.87599535759282,154624.0
2022-07-24,3321929.0,41320.0,3124762.0,8756201.0,6366.0,28.83699885056461,155847.0
2022-07-25,3324260.0,41333.0,3130962.0,8756286.0,2331.0,29.18968476200001,151965.0
2022-07-26,3337390.0,41403.0,3149520.0,8756379.0,13130.0,27.062548298297106,146467.0
2022-07-27,3345995.0,41426.0,3154518.0,8756506.0,8605.0,25.457977465735063,150051.0
2022-07-28,3353664.0,41463.0,3178953.0,8756635.0,7669.0,25.25877959410843,133248.0
2022-07-29,3360511.0,41509.0,3189796.0,8756723.0,6847.0,22.49616317703324,129206.0
2022-07-30,3366657.0,41535.0,3202467.0,8756831.0,6146.0,24.184858912933592,122655.0
2022-07-31,3371206.0,41559.0,3206853.0,8756854.0,4549.0,25.45566501408993,122794.0
2022-08-01,3372927.0,41584.0,3212847.0,8756915.0,1721.0,26.943942355422745,118496.0
2022-08-02,3381787.0,41613.0,3231178.0,8757019.0,8860.0,25.64055242801664,108996.0
2022-08-03,3387359.0,41633.0,3235731.0,8757080.0,5572.0,26.48563576760401,109995.0
2022-08-04,3392728.0,41664.0,3249912.0,8757149.0,5369.0,28.158732851869797,101152.0
2022-08-05,3397420.0,41708.0,3257161.0,8757219.0,4692.0,28.26777658752328,98551.0
2022-08-06,3401748.0,41747.0,3266045.0,8757325.0,4328.0,26.89057032354089,93956.0
2022-08-07,3404893.0,41779.0,3268180.0,8757335.0,3145.0,23.320677736929348,94934.0
2022-08-08,3406062.0,41806.0,3272515.0,8757417.0,1169.0,23.96392990803655,91741.0
2022-08-09,3411536.0,41826.0,3288175.0,8757501.0,5474.0,25.18314354588032,81535.0
2022-08-10,3415276.0,41839.0,3295926.0,8757599.0,3740.0,25.269706161314986,77511.0
2022-08-11,3418500.0,41875.0,3305957.0,8757695.0,3224.0,24.91919337450523,70668.0
2022-08-12,3421475.0,41919.0,3316165.0,8757751.0,2975.0,23.20722196756258,63391.0
2022-08-13,3424288.0,41944.0,3322708.0,8757786.0,2813.0,22.49984484529216,59636.0
2022-08-14,3426431.0,41964.0,3325416.0,8757786.0,2143.0,23.006072361664724,59051.0
2022-08-15,3427378.0,41974.0,3327914.0,8757786.0,947.0,23.76873947049323,57490.0
2022-08-16,3428161.0,41987.0,3329808.0,8757823.0,783.0,23.62825790759328,56366.0
2022-08-17,3432815.0,41998.0,3340003.0,8757937.0,4654.0,23.67663364055481,50814.0
2022-08-18,3435844.0,42014.0,3341726.0,8758002.0,3029.0,20.217353566874323,52104.0
2022-08-19,3438606.0,42036.0,3348425.0,8758068.0,2762.0,20.36705419957626,48145.0
2022-08-20,3441405.0,42060.0,3353021.0,8758111.0,2799.0,23.78318424255733,46324.0
2022-08-21,3443640.0,42083.0,3354706.0,8758124.0,2235.0,24.181373659236552,46851.0
2022-08-22,3444682.0,42099.0,3357288.0,8758190.0,1042.0,24.13253478411996,45295.0
2022-08-23,3449600.0,42123.0,3363610.0,8758265.0,4918.0,23.89037518677628,43867.0
2022-08-24,3452922.0,42134.0,3365846.0,8758363.0,3322.0,23.71146482166635,44942.0
2022-08-25,3456021.0,42154.0,3369778.0,8758497.0,3099.0,24.78387457648897,44089.0
2022-08-26,3459038.0,42172.0,3373999.0,8758580.0,3017.0,24.71466083505726,42867.0
2022-08-27,3462011.0,42189.0,3376786.0,8758652.0,2973.0,22.94791954716178,43036.0
2022-08-28,3464377.0,42204.0,3378357.0,8758653.0,2366.0,23.588591871989163,43816.0
2022-08-29,3465419.0,42218.0,3379855.0,8758747.0,1042.0,24.31578850298842,43346.0
2022-08-30,3470294.0,42225.0,3384116.0,8758853.0,4875.0,22.97045522033945,43953.0
2022-08-31,3473431.0,42231.0,3386425.0,8758982.0,3137.0,21.90447985837434,44775.0
2022-09-01,3476403.0,42244.0,3391152.0,8759083.0,2972.0,21.44072268081604,43007.0
2022-09-02,3479160.0,42267.0,3394049.0,8759185.0,2757.0,20.748058489043338,42844.0
2022-09-03,3481671.0,42284.0,3396651.0,8759255.0,2511.0,20.41167689757742,42736.0
2022-09-04,3483533.0,42291.0,3399293.0,8759268.0,1862.0,21.386947654834923,41949.0
2022-09-05,3484271.0,42295.0,3401437.0,8759398.0,738.0,22.663649751205377,40539.0
2022-09-06,3488251.0,42308.0,3407233.0,8759490.0,3980.0,23.4291864053366,38710.0
2022-09-07,3490984.0,42318.0,3409938.0,8759618.0,2733.0,22.5312460263106,38728.0
2022-09-08,3493538.0,42335.0,3415406.0,8759705.0,2554.0,21.24848616537599,35797.0
2022-09-09,3495958.0,42351.0,3418595.0,8759790.0,2420.0,20.587081349267123,35012.0
2022-09-10,3498268.0,42359.0,3422305.0,8759866.0,2310.0,20.21120401679408,33604.0
2022-09-11,3500119.0,42368.0,3423498.0,8759885.0,1851.0,20.15937036040258,34253.0
2022-09-12,3500897.0,42375.0,3424963.0,8759937.0,778.0,20.18411600823204,33559.0
2022-09-13,3505261.0,42384.0,3430594.0,8759998.0,4364.0,21.364631307189576,32283.0
2022-09-14,3508132.0,42387.0,3431901.0,8760066.0,2871.0,21.46421469909456,33844.0
2022-09-15,3511136.0,42397.0,3436328.0,8760118.0,3004.0,22.07363571099027,32411.0
2022-09-16,3514246.0,42406.0,3438891.0,8760206.0,3110.0,21.43429629911714,32949.0
2022-09-17,3517114.0,42418.0,3440579.0,8760279.0,2868.0,16.551061660702427,34117.0
2022-09-18,3517398.0,42426.0,3441505.0,8760286.0,284.0,16.04348013840936,33467.0
2022-09-19,3519641.0,42433.0,3442538.0,8760363.0,2243.0,17.53907677054854,34670.0
2022-09-20,3525211.0,42443.0,3446843.0,8760398.0,5570.0,16.070516652067454,35925.0
2022-09-21,3528736.0,42449.0,3449171.0,8760434.0,3525.0,15.03790846301249,37116.0
2022-09-22,3532577.0,42461.0,3454163.0,8760459.0,3841.0,14.951648400953951,35953.0
2022-09-23,3536238.0,42475.0,3456654.0,8760522.0,3661.0,15.09926499346237,37109.0
2022-09-24,3540319.0,42489.0,3460020.0,8760590.0,4081.0,14.076649802237611,37810.0
2022-09-25,3543439.0,42497.0,3461274.0,8760594.0,3120.0,15.00122552381852,39668.0
2022-09-26,3544891.0,42506.0,3462577.0,8760635.0,1452.0,15.373607495576852,39808.0
2022-09-27,3553869.0,42526.0,3468440.0,8760685.0,8978.0,15.981746804120997,42903.0
2022-09-28,3560415.0,42532.0,3469871.0,8760722.0,6546.0,14.700456591097794,48012.0
2022-09-29,3567287.0,42534.0,3475273.0,8760766.0,6872.0,14.178670000935512,49480.0
2022-09-30,3573539.0,42546.0,3477500.0,8760831.0,6252.0,13.587415878535312,53493.0
2022-10-01,3579530.0,42556.0,3481989.0,8760882.0,5991.0,14.804636550076586,54985.0
2022-10-02,3584426.0,42568.0,3483267.0,8760884.0,4896.0,17.20548185552391,58591.0
2022-10-03,3586273.0,42580.0,3485081.0,8760925.0,1847.0,17.602239141635966,58612.0
2022-10-04,3598522.0,42590.0,3492421.0,8760971.0,12249.0,16.79550507269301,63511.0
2022-10-05,3607020.0,42594.0,3494626.0,8761006.0,8498.0,17.202043395141207,69800.0
2022-10-06,3616144.0,42610.0,3502657.0,8761042.0,9124.0,16.837091887837392,70877.0
2022-10-07,3624843.0,42626.0,3507612.0,8761108.0,8699.0,16.866557700363355,74605.0
2022-10-08,3633514.0,42644.0,3512830.0,8761173.0,8671.0,16.925703541899992,78040.0
2022-10-09,3639745.0,42657.0,3515025.0,8761173.0,6231.0,16.7751355022238,82063.0
2022-10-10,3641974.0,42669.0,3518123.0,8761210.0,2229.0,15.552988468641889,81182.0
2022-10-11,3655999.0,42682.0,3529789.0,8761253.0,14025.0,15.7631318765252,83528.0
2022-10-12,3665125.0,42692.0,3532799.0,8761294.0,9126.0,16.11639211944668,89634.0
2022-10-13,3673896.0,42708.0,3542891.0,8761328.0,8771.0,15.798671024860134,88297.0
2022-10-14,3681887.0,42746.0,3551049.0,8761395.0,7991.0,15.615428469504794,88092.0
2022-10-15,3689588.0,42769.0,3552451.0,8761455.0,7701.0,16.084720236484902,94368.0
2022-10-16,3695241.0,42788.0,3555759.0,8761455.0,5653.0,17.387106865830397,96694.0
2022-10-17,3697105.0,42801.0,3559056.0,8761513.0,1864.0,16.68806648248482,95248.0
2022-10-18,3709862.0,42827.0,3574546.0,8761561.0,12757.0,16.747677870421626,92489.0
2022-10-19,3718092.0,42844.0,3580935.0,8761601.0,8230.0,16.91830891071926,94313.0
2022-10-20,3726075.0,42870.0,3596030.0,8761639.0,7983.0,16.674500784974974,87175.0
2022-10-21,3732878.0,42898.0,3606940.0,8761690.0,6803.0,15.984702232120949,83040.0
2022-10-22,3739039.0,42928.0,3612125.0,8761747.0,6161.0,16.79821258030471,83986.0
2022-10-23,3743685.0,42949.0,3614695.0,8761748.0,4646.0,16.863816419370295,86041.0
2022-10-24,3745325.0,42964.0,3618625.0,8761776.0,1640.0,17.229536180344198,83736.0
2022-10-25,3755304.0,42990.0,3632744.0,8761822.0,9979.0,16.895417698374512,79570.0
2022-10-26,3761520.0,43012.0,3635728.0,8761857.0,6216.0,16.64942908153381,82780.0
2022-10-27,3767693.0,43038.0,3649279.0,8761892.0,6173.0,16.107746065700205,75376.0
2022-10-28,3773197.0,43061.0,3656407.0,8761984.0,5504.0,16.017474431502013,73729.0
2022-10-29,3778186.0,43086.0,3663713.0,8762020.0,4989.0,15.509491486576565,71387.0
2022-10-30,3781446.0,43107.0,3666654.0,8762020.0,3260.0,15.669338728450244,71685.0
2022-10-31,3782596.0,43133.0,3669226.0,8762072.0,1150.0,15.64960467052468,70237.0
2022-11-01,3788838.0,43159.0,3678391.0,8762074.0,6242.0,13.680622743443552,67288.0
2022-11-02,3790039.0,43168.0,3680664.0,8762098.0,1201.0,12.927715075985247,66207.0
2022-11-03,3797984.0,43188.0,3695449.0,8762120.0,7945.0,13.74640183423268,59347.0
2022-11-04,3802959.0,43217.0,3698486.0,8762161.0,4975.0,12.326419654884363,61256.0
2022-11-05,3807995.0,43256.0,3707406.0,8762197.0,5036.0,11.543553754634154,57333.0
2022-11-06,3811600.0,43283.0,3708764.0,8762197.0,3605.0,9.5363088812206,59553.0
2022-11-07,3812954.0,43303.0,3711158.0,8762237.0,1354.0,9.16166483297029,58493.0
2022-11-08,3820862.0,43317.0,3720201.0,8762275.0,7908.0,10.417208918058678,57344.0
2022-11-09,3826027.0,43342.0,3723839.0,8762305.0,5165.0,12.182113259571144,58846.0
2022-11-10,3831597.0,43353.0,3731805.0,8762333.0,5570.0,12.318159241526129,56439.0
2022-11-11,3836864.0,43381.0,3736048.0,8762382.0,5267.0,11.211278279365068,57435.0
2022-11-12,3842293.0,43401.0,3740079.0,8762431.0,5429.0,10.75635503195024,58813.0
2022-11-13,3846609.0,43422.0,3741456.0,8762431.0,4316.0,10.93822161986994,61731.0
2022-11-14,3848266.0,43441.0,3742599.0,8762466.0,1657.0,9.451902811200094,62226.0
2022-11-15,3859036.0,43463.0,3750096.0,8762492.0,10770.0,8.264042757355762,65477.0
2022-11-16,3866181.0,43480.0,3755269.0,8762527.0,7145.0,9.650866699259126,67432.0
2022-11-17,3873641.0,43509.0,3762596.0,8762574.0,7460.0,9.426683960620773,67536.0
2022-11-18,3880309.0,43532.0,3766143.0,8762611.0,6668.0,11.135517345587571,70634.0
2022-11-19,3886751.0,43559.0,3770846.0,8762640.0,6442.0,8.141546969273152,72346.0
2022-11-20,3891366.0,43573.0,3772119.0,8762641.0,4615.0,6.730510941872651,75674.0
2022-11-21,3893244.0,43593.0,3774481.0,8762670.0,1878.0,6.420675126236169,75170.0
2022-11-22,3904525.0,43622.0,3782400.0,8762703.0,11281.0,7.481100045723767,78503.0
2022-11-23,3911351.0,43641.0,3788721.0,8762729.0,6826.0,6.144068218501097,78989.0
2022-11-24,3918510.0,43662.0,3795278.0,8762750.0,7159.0,6.720069827597149,79570.0
2022-11-25,3925062.0,43696.0,3805586.0,8762780.0,6552.0,7.119071659381355,75780.0
2022-11-26,3931364.0,43720.0,3812875.0,8762822.0,6302.0,7.02466904900995,74769.0
2022-11-27,3935876.0,43740.0,3815921.0,8762824.0,4512.0,5.938328759433658,76215.0
2022-11-28,3937613.0,43758.0,3818357.0,8762845.0,1737.0,6.162751915579343,75498.0
2022-11-29,3948097.0,43796.0,3824162.0,8762875.0,10484.0,5.413532727179735,80139.0
2022-11-30,3954972.0,43811.0,3832909.0,8762901.0,6875.0,4.690017054607209,78252.0
2022-12-01,3961860.0,43851.0,3840746.0,8762937.0,6888.0,4.764538047538323,77263.0
2022-12-02,3967837.0,43885.0,3845189.0,8762984.0,5977.0,5.895831114201549,78763.0
2022-12-03,3973604.0,43922.0,3850985.0,8763009.0,5767.0,6.494985931576688,78697.0
2022-12-04,3977570.0,43943.0,3854629.0,8763009.0,3966.0,7.706842510763167,78998.0
2022-12-05,3979019.0,43950.0,3856686.0,8763048.0,1449.0,7.145679931112463,78383.0
2022-12-06,3987676.0,44007.0,3866170.0,8763073.0,8657.0,3.1613085439002284,77499.0
2022-12-07,3992885.0,44031.0,3874325.0,8763096.0,5209.0,2.0357452562169414,74529.0
2022-12-08,3997099.0,44073.0,3877918.0,8763096.0,4214.0,3.3131179402735467,75108.0
2022-12-09,3998142.0,44107.0,3880360.0,8763135.0,1043.0,4.161819761196442,73675.0
2022-12-10,4003494.0,44129.0,3892275.0,8763155.0,5352.0,4.163189086529876,67090.0
2022-12-11,4006656.0,44134.0,3893106.0,8763155.0,3162.0,2.9201101022110607,69416.0
2022-12-12,4007992.0,44144.0,3896181.0,8763179.0,1336.0,-0.6444587219078736,67667.0
2022-12-13,4015059.0,44173.0,3905803.0,8763194.0,7067.0,1.4673824744916968,65083.0
2022-12-14,4019365.0,44205.0,3915457.0,8763222.0,4306.0,2.133622688682173,59703.0
2022-12-15,4023176.0,44243.0,3924267.0,8763250.0,3811.0,2.456726397836633,54666.0
2022-12-16,4026422.0,44297.0,3928251.0,8763269.0,3246.0,4.066101963470869,53874.0
2022-12-17,4029657.0,44338.0,3932835.0,8763298.0,3235.0,4.044816308483639,52484.0
2022-12-18,4031807.0,44372.0,3935254.0,8763301.0,2150.0,4.585312140279114,52181.0
2022-12-19,4032802.0,44393.0,3936848.0,8763315.0,995.0,3.9351953998979945,51561.0
2022-12-20,4037562.0,44421.0,3940803.0,8763346.0,4760.0,5.114071243202864,52338.0
2022-12-21,4040552.0,44443.0,3944358.0,8763366.0,2990.0,6.240684893940887,51751.0
2022-12-22,4043487.0,44489.0,3954310.0,8763387.0,2935.0,6.150541796942171,44688.0
2022-12-23,4046303.0,44538.0,3957336.0,8763410.0,2816.0,6.57523771689404,44429.0
2022-12-24,4049090.0,44580.0,3961158.0,8763414.0,2787.0,7.069614093413294,43352.0
2022-12-26,4051593.0,44588.0,3963601.0,8763414.0,2503.0,8.929247500478278,43404.0
2022-12-27,4052405.0,44593.0,3965068.0,8763439.0,812.0,7.487623999730803,42744.0
2022-12-28,4056786.0,44671.0,3971172.0,8763461.0,4381.0,7.1997477396402605,40943.0
2022-12-29,4059723.0,44688.0,3975162.0,8763476.0,2937.0,7.623838680037866,39873.0
2022-12-30,4062838.0,44741.0,3980368.0,8763498.0,3115.0,7.888978808981392,37729.0
2022-12-31,4065873.0,44781.0,3984831.0,8763502.0,3035.0,7.761003365528066,36261.0
